region,itinerary_names,num_activities,total_distance_m,total_duration_sec,total_walk_distance_m,total_transfers,walk_ratio
서울 종로구,경복궁 -> 창덕궁 -> 북촌한옥마을,3,5649,1343,1129.8000000000002,0,0.20000000000000004
서울 종로구,경복궁 -> 창덕궁 -> 창경궁,3,5123,1264,1024.6000000000001,0,0.20000000000000004
서울 종로구,경복궁 -> 창덕궁 -> 광화문,3,4063,1037,945.8,0,0.23278365739601278
서울 종로구,경복궁 -> 창덕궁 -> 광화문광장,3,4275,1281,1009.4000000000001,0,0.2361169590643275
서울 종로구,경복궁 -> 창덕궁 -> 청계천,3,5037,1482,1007.4000000000001,0,0.2
서울 종로구,경복궁 -> 창덕궁 -> 종묘,3,4177,1083,980.0,0,0.23461814699545128
서울 종로구,경복궁 -> 창덕궁 -> 청와대 사랑채,3,4897,1183,979.4000000000001,0,0.2
서울 종로구,경복궁 -> 창덕궁 -> 흥인지문,3,5833,1465,1166.6000000000001,0,0.2
서울 종로구,경복궁 -> 창덕궁 -> 인왕산,3,8173,1695,1362.5,0,0.16670745136424814
서울 종로구,경복궁 -> 창덕궁 -> 익선동한옥거리,3,3715,1042,841.4000000000001,0,0.22648721399730823
서울 종로구,경복궁 -> 창덕궁 -> 북악스카이웨이,3,8565,1730,1421.3000000000002,0,0.16594279042615298
서울 종로구,경복궁 -> 창덕궁 -> 석파정,3,7542,1619,1508.4,0,0.2
서울 종로구,경복궁 -> 창덕궁 -> 경희궁,3,5413,1536,1082.6,0,0.19999999999999998
서울 종로구,경복궁 -> 창덕궁 -> 인사동 문화의거리,3,3495,987,775.4000000000001,0,0.22185979971387698
서울 종로구,경복궁 -> 창덕궁 -> 북한산둘레길 6구간평창마을길,3,9651,2138,1584.2,1,0.16414879287120507
서울 종로구,경복궁 -> 창덕궁 -> 창덕궁 후원,3,5123,1264,1024.6000000000001,0,0.20000000000000004
서울 종로구,경복궁 -> 창덕궁 -> 서촌한옥마을,3,4810,1198,962.0,0,0.2
서울 종로구,경복궁 -> 창덕궁 -> 운현궁,3,3299,990,716.6,0,0.21721733858745074
서울 종로구,경복궁 -> 창덕궁 -> 인왕산 수성동계곡,3,5749,1410,1149.8000000000002,0,0.20000000000000004
서울 종로구,경복궁 -> 창덕궁 -> 다이나믹메이즈 서울인사동점,3,3804,1101,868.1,0,0.22820715036803366
서울 종로구,경복궁 -> 창덕궁 -> 백사실계곡,3,7970,1622,1332.0500000000002,0,0.1671329987452949
서울 종로구,경복궁 -> 창덕궁 -> 이화동 벽화마을,3,5571,1416,1114.2,0,0.2
서울 종로구,경복궁 -> 북촌한옥마을 -> 창덕궁,3,4308,1007,943.6,0,0.2190343546889508
서울 종로구,경복궁 -> 북촌한옥마을 -> 창경궁,3,6049,1316,1209.8000000000002,0,0.20000000000000004
서울 종로구,경복궁 -> 북촌한옥마을 -> 광화문,3,5165,1082,1200.7,0,0.23246853823814134
서울 종로구,경복궁 -> 북촌한옥마을 -> 광화문광장,3,5377,1268,1264.3,0,0.23513111400409148
서울 종로구,경복궁 -> 북촌한옥마을 -> 청계천,3,5963,1538,1192.6,0,0.19999999999999998
서울 종로구,경복궁 -> 북촌한옥마을 -> 종묘,3,5103,1136,1182.1,0,0.23164805016656867
서울 종로구,경복궁 -> 북촌한옥마을 -> 청와대 사랑채,3,5243,1049,1224.1,0,0.23347320236505817
서울 종로구,경복궁 -> 북촌한옥마을 -> 흥인지문,3,6759,1524,1351.8000000000002,0,0.20000000000000004
서울 종로구,경복궁 -> 북촌한옥마을 -> 인왕산,3,9275,1742,1565.65,0,0.1688032345013477
서울 종로구,경복궁 -> 북촌한옥마을 -> 익선동한옥거리,3,4641,1097,1043.5,0,0.22484378366731309
서울 종로구,경복궁 -> 북촌한옥마을 -> 북악스카이웨이,3,8911,1598,1511.05,0,0.16957131635057793
서울 종로구,경복궁 -> 북촌한옥마을 -> 석파정,3,7888,1486,1577.6,0,0.19999999999999998
서울 종로구,경복궁 -> 북촌한옥마을 -> 경희궁,3,6515,1524,1303.0,0,0.2
서울 종로구,경복궁 -> 북촌한옥마을 -> 인사동 문화의거리,3,4421,1042,977.5,0,0.22110382266455553
서울 종로구,경복궁 -> 북촌한옥마을 -> 북한산둘레길 6구간평창마을길,3,9997,2014,1673.9499999999998,1,0.167445233570071
서울 종로구,경복궁 -> 북촌한옥마을 -> 창덕궁 후원,3,4308,1007,943.6,0,0.2190343546889508
서울 종로구,경복궁 -> 북촌한옥마을 -> 서촌한옥마을,3,5912,1244,1182.4,0,0.2
서울 종로구,경복궁 -> 북촌한옥마을 -> 운현궁,3,4225,1045,918.7,0,0.21744378698224853
서울 종로구,경복궁 -> 북촌한옥마을 -> 인왕산 수성동계곡,3,6851,1456,1370.2,0,0.2
서울 종로구,경복궁 -> 북촌한옥마을 -> 다이나믹메이즈 서울인사동점,3,4730,1156,1070.2,0,0.22625792811839324
서울 종로구,경복궁 -> 북촌한옥마을 -> 백사실계곡,3,8316,1489,1663.2,0,0.2
서울 종로구,경복궁 -> 북촌한옥마을 -> 이화동 벽화마을,3,6497,1471,1299.4,0,0.2
서울 종로구,경복궁 -> 창경궁 -> 창덕궁,3,4461,925,1028.9,0,0.23064335350818205
서울 종로구,경복궁 -> 창경궁 -> 북촌한옥마을,3,7185,1512,1437.0,0,0.2
서울 종로구,경복궁 -> 창경궁 -> 광화문,3,5599,1199,1119.8000000000002,0,0.20000000000000004
서울 종로구,경복궁 -> 창경궁 -> 광화문광장,3,5811,1418,1162.2,0,0.2
서울 종로구,경복궁 -> 창경궁 -> 청계천,3,6291,1615,1258.2000000000003,0,0.20000000000000004
서울 종로구,경복궁 -> 창경궁 -> 종묘,3,5713,1245,1142.6000000000001,0,0.2
서울 종로구,경복궁 -> 창경궁 -> 청와대 사랑채,3,6433,1349,1286.6000000000001,0,0.2
서울 종로구,경복궁 -> 창경궁 -> 흥인지문,3,5327,1307,1065.4,0,0.2
서울 종로구,경복궁 -> 창경궁 -> 인왕산,3,9709,1859,1611.0500000000002,1,0.16593366979091567
서울 종로구,경복궁 -> 창경궁 -> 익선동한옥거리,3,5251,1207,1050.2,0,0.2
서울 종로구,경복궁 -> 창경궁 -> 북악스카이웨이,3,10101,1892,1669.85,1,0.16531531531531532
서울 종로구,경복궁 -> 창경궁 -> 석파정,3,9078,1786,1516.4,0,0.16704119850187266
서울 종로구,경복궁 -> 창경궁 -> 경희궁,3,6948,1568,1389.6000000000001,0,0.2
서울 종로구,경복궁 -> 창경궁 -> 인사동 문화의거리,3,5031,1152,1199.9,0,0.2385012919896641
서울 종로구,경복궁 -> 창경궁 -> 북한산둘레길 6구간평창마을길,3,12573,2376,2040.65,2,0.1623041438002068
서울 종로구,경복궁 -> 창경궁 -> 서촌한옥마을,3,6346,1360,1269.2000000000003,0,0.20000000000000004
서울 종로구,경복궁 -> 창경궁 -> 운현궁,3,4835,1154,1141.1,0,0.23600827300930713
서울 종로구,경복궁 -> 창경궁 -> 인왕산 수성동계곡,3,7285,1572,1457.0,0,0.2
서울 종로구,경복궁 -> 창경궁 -> 다이나믹메이즈 서울인사동점,3,5340,1265,1068.0,0,0.2
서울 종로구,경복궁 -> 창경궁 -> 백사실계곡,3,9506,1787,1580.6,1,0.1662739322533137
서울 종로구,경복궁 -> 창경궁 -> 이화동 벽화마을,3,4843,1133,1143.5,0,0.23611397893867436
서울 종로구,경복궁 -> 광화문 -> 창덕궁,3,4616,1176,923.2,0,0.2
서울 종로구,경복궁 -> 광화문 -> 북촌한옥마을,3,5391,1167,1078.2,0,0.2
서울 종로구,경복궁 -> 광화문 -> 창경궁,3,5505,1127,1101.0,0,0.2
서울 종로구,경복궁 -> 광화문 -> 광화문광장,3,3171,708,704.6,0,0.22220119836013877
서울 종로구,경복궁 -> 광화문 -> 청계천,3,4553,1033,910.6000000000001,0,0.20000000000000004
서울 종로구,경복궁 -> 광화문 -> 종묘,3,4559,947,911.8000000000001,0,0.2
서울 종로구,경복궁 -> 광화문 -> 청와대 사랑채,3,4084,801,978.5,0,0.23959353574926542
서울 종로구,경복궁 -> 광화문 -> 흥인지문,3,6148,1344,1229.6000000000001,0,0.2
서울 종로구,경복궁 -> 광화문 -> 인왕산,3,6575,1119,1315.0,0,0.2
서울 종로구,경복궁 -> 광화문 -> 익선동한옥거리,3,4337,1031,1054.4,0,0.2431173622319576
서울 종로구,경복궁 -> 광화문 -> 북악스카이웨이,3,7278,1276,1455.6000000000001,0,0.2
서울 종로구,경복궁 -> 광화문 -> 석파정,3,6166,1046,1233.2,0,0.2
서울 종로구,경복궁 -> 광화문 -> 경희궁,3,4309,964,1046.0,0,0.24274773729403573
서울 종로구,경복궁 -> 광화문 -> 인사동 문화의거리,3,4117,976,988.4000000000001,0,0.24007772649987857
서울 종로구,경복궁 -> 광화문 -> 북한산둘레길 6구간평창마을길,3,8275,1607,1364.6,0,0.16490634441087612
서울 종로구,경복궁 -> 광화문 -> 창덕궁 후원,3,4616,1176,923.2,0,0.2
서울 종로구,경복궁 -> 광화문 -> 서촌한옥마을,3,3212,638,716.9000000000001,0,0.22319427148194274
서울 종로구,경복궁 -> 광화문 -> 운현궁,3,3921,979,929.6,0,0.23708237694465698
서울 종로구,경복궁 -> 광화문 -> 인왕산 수성동계곡,3,4151,847,998.6,0,0.24056853770175862
서울 종로구,경복궁 -> 광화문 -> 다이나믹메이즈 서울인사동점,3,4426,1089,1081.1,0,0.24426118391323992
서울 종로구,경복궁 -> 광화문 -> 백사실계곡,3,6594,1054,1318.8000000000002,0,0.20000000000000004
서울 종로구,경복궁 -> 광화문 -> 이화동 벽화마을,3,5953,1279,1190.6000000000001,0,0.2
서울 종로구,경복궁 -> 광화문광장 -> 창덕궁,3,3673,1210,810.6,0,0.2206915328069698
서울 종로구,경복궁 -> 광화문광장 -> 북촌한옥마을,3,4448,1199,965.6,0,0.21708633093525181
서울 종로구,경복궁 -> 광화문광장 -> 창경궁,3,4549,1168,985.8000000000001,0,0.21670696856451968
서울 종로구,경복궁 -> 광화문광장 -> 광화문,3,2308,839,692.4,0,0.3
서울 종로구,경복궁 -> 광화문광장 -> 청계천,3,2142,629,642.5999999999999,0,0.29999999999999993
서울 종로구,경복궁 -> 광화문광장 -> 종묘,3,3603,987,796.6,0,0.22109353316680544
서울 종로구,경복궁 -> 광화문광장 -> 청와대 사랑채,3,3249,986,725.8,0,0.22339181286549706
서울 종로구,경복궁 -> 창덕궁 -> 북촌한옥마을 -> 창경궁,4,8210,1979,1642.0000000000002,0,0.20000000000000004
서울 종로구,경복궁 -> 창덕궁 -> 북촌한옥마을 -> 광화문,4,7326,1744,1632.9,0,0.2228910728910729
서울 종로구,경복궁 -> 창덕궁 -> 북촌한옥마을 -> 광화문광장,4,7538,1930,1696.5,0,0.225059697532502
서울 종로구,경복궁 -> 창덕궁 -> 북촌한옥마을 -> 청계천,4,8124,2201,1624.8000000000002,0,0.2
서울 종로구,경복궁 -> 창덕궁 -> 북촌한옥마을 -> 종묘,4,7264,1799,1614.3000000000002,0,0.22223292951541854
서울 종로구,경복궁 -> 창덕궁 -> 북촌한옥마을 -> 청와대 사랑채,4,7404,1712,1656.3000000000002,0,0.22370340356564022
서울 종로구,경복궁 -> 창덕궁 -> 북촌한옥마을 -> 흥인지문,4,8920,2187,1784.0000000000002,0,0.20000000000000004
서울 종로구,경복궁 -> 창덕궁 -> 북촌한옥마을 -> 인왕산,4,11436,2406,1997.8500000000001,0,0.17469832109129066
서울 종로구,경복궁 -> 창덕궁 -> 북촌한옥마을 -> 익선동한옥거리,4,6802,1761,1475.7000000000003,0,0.21695089679506033
서울 종로구,경복궁 -> 창덕궁 -> 북촌한옥마을 -> 북악스카이웨이,4,11072,2262,1943.25,0,0.17551029624277456
서울 종로구,경복궁 -> 창덕궁 -> 북촌한옥마을 -> 석파정,4,10049,2150,2009.8000000000002,0,0.2
서울 종로구,경복궁 -> 창덕궁 -> 북촌한옥마을 -> 경희궁,4,8676,2187,1735.2000000000003,0,0.20000000000000004
서울 종로구,경복궁 -> 창덕궁 -> 북촌한옥마을 -> 인사동 문화의거리,4,6582,1706,1409.7000000000003,0,0.21417502278942574
서울 종로구,경복궁 -> 창덕궁 -> 북촌한옥마을 -> 북한산둘레길 6구간평창마을길,4,12158,2678,2106.15,1,0.1732316170422767
서울 종로구,경복궁 -> 창덕궁 -> 북촌한옥마을 -> 창덕궁 후원,4,6469,1671,1375.8000000000002,0,0.21267583861493278
서울 종로구,경복궁 -> 창덕궁 -> 북촌한옥마을 -> 서촌한옥마을,4,8073,1908,1614.6000000000001,0,0.2
서울 종로구,경복궁 -> 창덕궁 -> 북촌한옥마을 -> 운현궁,4,6386,1709,1350.9,0,0.21154087065455685
서울 종로구,경복궁 -> 창덕궁 -> 북촌한옥마을 -> 인왕산 수성동계곡,4,9012,2120,1802.4,0,0.2
서울 종로구,경복궁 -> 창덕궁 -> 북촌한옥마을 -> 다이나믹메이즈 서울인사동점,4,6891,1820,1502.4,0,0.2180235089246844
서울 종로구,경복궁 -> 창덕궁 -> 북촌한옥마을 -> 백사실계곡,4,10477,2153,2095.4,0,0.2
서울 종로구,경복궁 -> 창덕궁 -> 북촌한옥마을 -> 이화동 벽화마을,4,8658,2135,1731.6000000000004,0,0.20000000000000004
서울 종로구,경복궁 -> 창덕궁 -> 창경궁 -> 북촌한옥마을,4,9214,2053,1842.8000000000002,0,0.2
서울 종로구,경복궁 -> 창덕궁 -> 창경궁 -> 광화문,4,7628,1740,1525.6000000000001,0,0.2
서울 종로구,경복궁 -> 창덕궁 -> 창경궁 -> 광화문광장,4,7840,1959,1568.0,0,0.2
서울 종로구,경복궁 -> 창덕궁 -> 창경궁 -> 청계천,4,8320,2156,1664.0000000000002,0,0.20000000000000004
서울 종로구,경복궁 -> 창덕궁 -> 창경궁 -> 종묘,4,7946,1821,1589.2000000000003,0,0.20000000000000004
서울 종로구,경복궁 -> 창덕궁 -> 창경궁 -> 청와대 사랑채,4,8462,1890,1692.4,0,0.2
서울 종로구,경복궁 -> 창덕궁 -> 창경궁 -> 흥인지문,4,7356,1848,1471.2000000000003,0,0.20000000000000004
서울 종로구,경복궁 -> 창덕궁 -> 창경궁 -> 인왕산,4,11738,2400,2016.8500000000001,1,0.1718222865905606
서울 종로구,경복궁 -> 창덕궁 -> 창경궁 -> 익선동한옥거리,4,7280,1747,1456.0000000000002,0,0.20000000000000004
서울 종로구,경복궁 -> 창덕궁 -> 창경궁 -> 북악스카이웨이,4,12130,2432,2075.65,1,0.17111706512778235
서울 종로구,경복궁 -> 창덕궁 -> 창경궁 -> 석파정,4,11329,2318,1955.5,1,0.1726101156324477
서울 종로구,경복궁 -> 창덕궁 -> 창경궁 -> 경희궁,4,8977,2108,1795.4,0,0.2
서울 종로구,경복궁 -> 창덕궁 -> 창경궁 -> 인사동 문화의거리,4,7060,1692,1605.7000000000003,0,0.2274362606232295
서울 종로구,경복궁 -> 창덕궁 -> 창경궁 -> 북한산둘레길 6구간평창마을길,4,14602,2920,2446.45,2,0.16754211751814818
서울 종로구,경복궁 -> 창덕궁 -> 창경궁 -> 서촌한옥마을,4,8375,1900,1675.0000000000002,0,0.20000000000000004
서울 종로구,경복궁 -> 창덕궁 -> 창경궁 -> 운현궁,4,6864,1694,1546.9,0,0.22536421911421914
서울 종로구,경복궁 -> 창덕궁 -> 창경궁 -> 인왕산 수성동계곡,4,9314,2113,1862.8000000000002,0,0.2
서울 종로구,경복궁 -> 창덕궁 -> 창경궁 -> 다이나믹메이즈 서울인사동점,4,7369,1805,1473.8000000000002,0,0.2
서울 종로구,경복궁 -> 창덕궁 -> 창경궁 -> 백사실계곡,4,11757,2320,2019.7,1,0.17178702049842648
서울 종로구,경복궁 -> 창덕궁 -> 창경궁 -> 이화동 벽화마을,4,6872,1671,1549.3000000000002,0,0.22545110593713624
서울 종로구,경복궁 -> 창덕궁 -> 광화문 -> 북촌한옥마을,4,6987,1734,1530.6,0,0.21906397595534563
서울 종로구,경복궁 -> 창덕궁 -> 광화문 -> 창경궁,4,7101,1692,1553.4,0,0.2187579214195184
서울 종로구,경복궁 -> 창덕궁 -> 광화문 -> 광화문광장,4,4767,1272,1157.0,0,0.24271029997902244
서울 종로구,경복궁 -> 창덕궁 -> 광화문 -> 청계천,4,6149,1598,1363.0,0,0.2216620588713612
서울 종로구,경복궁 -> 창덕궁 -> 광화문 -> 종묘,4,6155,1503,1364.2,0,0.22164094232331438
서울 종로구,경복궁 -> 창덕궁 -> 광화문 -> 청와대 사랑채,4,5680,1329,1430.8999999999999,0,0.251919014084507
서울 종로구,경복궁 -> 창덕궁 -> 광화문 -> 흥인지문,4,8019,2014,1737.0,0,0.2166105499438833
서울 종로구,경복궁 -> 창덕궁 -> 광화문 -> 인왕산,4,8171,1616,1767.4,0,0.21630155427732226
서울 종로구,경복궁 -> 창덕궁 -> 광화문 -> 익선동한옥거리,4,5933,1583,1506.8,0,0.25396932411933254
서울 종로구,경복궁 -> 창덕궁 -> 광화문 -> 북악스카이웨이,4,8874,1782,1908.0,0,0.2150101419878296
서울 종로구,경복궁 -> 창덕궁 -> 광화문 -> 석파정,4,7762,1563,1685.6,0,0.21716052563772223
서울 종로구,경복궁 -> 창덕궁 -> 광화문 -> 경희궁,4,6045,1443,1540.4,0,0.2548221670802316
서울 종로구,경복궁 -> 창덕궁 -> 광화문 -> 인사동 문화의거리,4,5713,1525,1440.8,0,0.2521967442674602
서울 종로구,경복궁 -> 창덕궁 -> 광화문 -> 북한산둘레길 6구간평창마을길,4,9871,2250,1817.0,0,0.1840745618478371
서울 종로구,경복궁 -> 창덕궁 -> 광화문 -> 창덕궁 후원,4,6212,1709,1375.6,0,0.22144236960721184
서울 종로구,경복궁 -> 창덕궁 -> 광화문 -> 서촌한옥마을,4,4808,1153,1169.3,0,0.24319883527454242
서울 종로구,경복궁 -> 창덕궁 -> 광화문 -> 운현궁,4,5517,1526,1382.0,0,0.25049845930759473
서울 종로구,경복궁 -> 창덕궁 -> 광화문 -> 인왕산 수성동계곡,4,5747,1354,1451.0,0,0.2524795545502001
서울 종로구,경복궁 -> 창덕궁 -> 광화문 -> 다이나믹메이즈 서울인사동점,4,6022,1636,1533.5,0,0.25464961806708736
서울 종로구,경복궁 -> 창덕궁 -> 광화문 -> 백사실계곡,4,8190,1573,1771.2,0,0.21626373626373627
서울 종로구,경복궁 -> 창덕궁 -> 광화문 -> 이화동 벽화마을,4,7549,1839,1643.0,0,0.21764472115511987
서울 종로구,경복궁 -> 창덕궁 -> 광화문광장 -> 북촌한옥마을,4,7963,2132,1747.0,0,0.2193896772573151
서울 종로구,경복궁 -> 창덕궁 -> 광화문광장 -> 창경궁,4,8064,2117,1767.2000000000003,0,0.21914682539682542
서울 종로구,경복궁 -> 창덕궁 -> 광화문광장 -> 광화문,4,5823,1788,1473.8000000000002,0,0.2530997767473811
서울 종로구,경복궁 -> 창덕궁 -> 광화문광장 -> 청계천,4,5657,1543,1424.0,0,0.2517235283719286
서울 종로구,경복궁 -> 창덕궁 -> 광화문광장 -> 종묘,4,7118,1932,1578.0,0,0.22169148637257657
서울 종로구,경복궁 -> 창덕궁 -> 광화문광장 -> 청와대 사랑채,4,6764,1963,1507.2,0,0.2228267297457126
서울 종로구,경복궁 -> 창덕궁 -> 광화문광장 -> 흥인지문,4,7866,2228,1727.6000000000001,0,0.219628782100178
서울 종로구,경복궁 -> 창덕궁 -> 광화문광장 -> 인왕산,4,9828,2192,1842.35,0,0.18745929995929994
서울 종로구,경복궁 -> 창덕궁 -> 광화문광장 -> 익선동한옥거리,4,6896,2014,1533.6000000000001,0,0.2223897911832947
서울 종로구,경복궁 -> 창덕궁 -> 광화문광장 -> 북악스카이웨이,4,10726,2422,1977.0500000000002,1,0.18432314003356332
서울 종로구,경복궁 -> 창덕궁 -> 광화문광장 -> 석파정,4,8846,2205,1923.6000000000001,0,0.21745421659507122
서울 종로구,경복궁 -> 창덕궁 -> 광화문광장 -> 경희궁,4,5413,1557,1350.8000000000002,0,0.24954738592277853
서울 종로구,경복궁 -> 창덕궁 -> 광화문광장 -> 인사동 문화의거리,4,6676,1955,1489.6000000000001,0,0.22312762133013783
서울 종로구,경복궁 -> 창덕궁 -> 광화문광장 -> 북한산둘레길 6구간평창마을길,4,10955,2820,2011.4,1,0.18360565951620267
서울 종로구,경복궁 -> 창덕궁 -> 광화문광장 -> 창덕궁 후원,4,7188,2151,1592.0,0,0.221480244852532
서울 종로구,경복궁 -> 창덕궁 -> 광화문광장 -> 서촌한옥마을,4,5892,1799,1494.5,0,0.2536490156143924
서울 종로구,경복궁 -> 창덕궁 -> 광화문광장 -> 운현궁,4,6480,1956,1450.4,0,0.22382716049382717
서울 종로구,경복궁 -> 창덕궁 -> 광화문광장 -> 인왕산 수성동계곡,4,6831,2000,1520.6000000000001,0,0.22260283999414437
서울 종로구,경복궁 -> 창덕궁 -> 광화문광장 -> 다이나믹메이즈 서울인사동점,4,6584,2029,1471.2,0,0.22345078979343866
서울 종로구,경복궁 -> 창덕궁 -> 광화문광장 -> 백사실계곡,4,9274,2254,2009.2000000000003,0,0.21664869527711886
서울 종로구,경복궁 -> 창덕궁 -> 광화문광장 -> 이화동 벽화마을,4,8512,2297,1856.8000000000002,0,0.2181390977443609
서울 종로구,경복궁 -> 창덕궁 -> 청계천 -> 북촌한옥마을,4,8181,2326,1636.2000000000003,0,0.20000000000000004
서울 종로구,경복궁 -> 창덕궁 -> 청계천 -> 창경궁,4,8222,2214,1644.4,0,0.2
서울 종로구,경복궁 -> 창덕궁 -> 청계천 -> 광화문,4,6045,1991,1309.8000000000002,0,0.21667493796526058
서울 종로구,경복궁 -> 창덕궁 -> 청계천 -> 광화문광장,4,6257,1899,1373.4,0,0.2194981620584945
서울 종로구,경복궁 -> 창덕궁 -> 청계천 -> 종묘,4,7276,2028,1455.2,0,0.2
서울 종로구,경복궁 -> 창덕궁 -> 청계천 -> 청와대 사랑채,4,7429,2173,1485.8000000000002,0,0.2
서울 종로구,경복궁 -> 창덕궁 -> 청계천 -> 흥인지문,4,8047,2136,1609.4,0,0.2
서울 종로구,경복궁 -> 창덕궁 -> 청계천 -> 인왕산,4,10155,2618,1775.1,0,0.17480059084194977
서울 종로구,경복궁 -> 창덕궁 -> 청계천 -> 익선동한옥거리,4,6415,2011,1420.8000000000002,0,0.22148090413094312
서울 종로구,경복궁 -> 창덕궁 -> 청계천 -> 북악스카이웨이,4,10858,2772,1880.5500000000002,0,0.17319487935163014
서울 종로구,경복궁 -> 창덕궁 -> 청계천 -> 석파정,4,9746,2561,1949.2000000000003,0,0.20000000000000004
부산 해운대구,해운대해수욕장 -> 해운대블루라인파크 미포정거장 -> 송정해수욕장,3,7527,1378,1383.1499999999999,0,0.18375846950976482
부산 해운대구,해운대해수욕장 -> 해운대블루라인파크 미포정거장 -> 동백섬,3,4901,1170,1149.6000000000001,0,0.23456437461742505
부산 해운대구,해운대해수욕장 -> 해운대블루라인파크 미포정거장 -> 해운대블루라인파크 청사포정거장,3,4670,1007,1103.4,0,0.23627408993576018
부산 해운대구,해운대해수욕장 -> 해운대블루라인파크 미포정거장 -> 청사포다릿돌전망대,3,4960,1065,1161.4,0,0.23415322580645162
부산 해운대구,해운대해수욕장 -> 해운대블루라인파크 미포정거장 -> 부산엑스더스카이,3,2076,517,622.8,0,0.3
부산 해운대구,해운대해수욕장 -> 해운대블루라인파크 미포정거장 -> 해운대블루라인파크 송정정거장,3,6666,1197,1502.6000000000001,0,0.22541254125412544
부산 해운대구,해운대해수욕장 -> 해운대블루라인파크 미포정거장 -> 클럽디오아시스,3,2735,821,820.5,0,0.3
부산 해운대구,해운대해수욕장 -> 해운대블루라인파크 미포정거장 -> 해리단길,3,4635,1127,1096.4,0,0.23654800431499462
부산 해운대구,해운대해수욕장 -> 해운대블루라인파크 미포정거장 -> 해운대수목원,3,16113,2936,2671.0499999999997,3,0.16576987525600445
부산 해운대구,해운대해수욕장 -> 해운대블루라인파크 미포정거장 -> 해운대달맞이길,3,3808,865,931.0,0,0.24448529411764705
부산 해운대구,해운대해수욕장 -> 해운대블루라인파크 미포정거장 -> 해운대 영화의거리,3,5474,1310,1264.2,0,0.23094629156010232
부산 해운대구,해운대해수욕장 -> 해운대블루라인파크 미포정거장 -> 해파랑길 2코스,3,7511,1425,1380.75,0,0.18383038210624417
부산 해운대구,해운대해수욕장 -> 해운대블루라인파크 미포정거장 -> 해운대블루라인파크 스카이캡슐,3,4723,1007,1114.0,0,0.2358670336650434
부산 해운대구,해운대해수욕장 -> 해운대블루라인파크 미포정거장 -> 문탠로드,3,2898,687,869.4,0,0.3
부산 해운대구,해운대해수욕장 -> 해운대블루라인파크 미포정거장 -> 청사포몽돌해변,3,4942,1064,1157.8,0,0.23427762039660055
부산 해운대구,해운대해수욕장 -> 해운대블루라인파크 미포정거장 -> 동백섬 누리마루전망대,3,4901,1172,1149.6000000000001,0,0.23456437461742505
부산 해운대구,해운대해수욕장 -> 해운대블루라인파크 미포정거장 -> 해운대 이벤트광장,3,3949,1019,959.2,0,0.24289693593314765
부산 해운대구,해운대해수욕장 -> 해운대블루라인파크 미포정거장 -> 해월정,3,3434,757,1030.2,0,0.3
부산 해운대구,해운대해수욕장 -> 해운대블루라인파크 미포정거장 -> 해월전망대,3,3471,761,1041.3,0,0.3
부산 해운대구,해운대해수욕장 -> 해운대블루라인파크 미포정거장 -> 갈맷길 2코스1구간,3,3831,985,935.6,0,0.24421821978595668
부산 해운대구,해운대해수욕장 -> 해운대블루라인파크 미포정거장 -> 할매탕,3,2887,828,866.0999999999999,0,0.3
부산 해운대구,해운대해수욕장 -> 해운대블루라인파크 미포정거장 -> 해운대블루라인파크 구덕포 간이역,3,7991,1396,1452.75,1,0.18179827305718935
부산 해운대구,해운대해수욕장 -> 송정해수욕장 -> 해운대블루라인파크 미포정거장,3,11214,2123,1682.1,0,0.15
부산 해운대구,해운대해수욕장 -> 송정해수욕장 -> 동백섬,3,12619,2309,1892.85,1,0.15
부산 해운대구,해운대해수욕장 -> 송정해수욕장 -> 해운대블루라인파크 청사포정거장,3,10493,1732,1820.85,0,0.1735299723625274
부산 해운대구,해운대해수욕장 -> 송정해수욕장 -> 청사포다릿돌전망대,3,10783,1790,1617.4499999999998,0,0.15
부산 해운대구,해운대해수욕장 -> 송정해수욕장 -> 부산엑스더스카이,3,10912,2046,1636.8,0,0.15
부산 해운대구,해운대해수욕장 -> 송정해수욕장 -> 해운대블루라인파크 송정정거장,3,6139,1127,1008.45,0,0.16426942498778305
부산 해운대구,해운대해수욕장 -> 송정해수욕장 -> 클럽디오아시스,3,11048,2056,1657.1999999999998,0,0.15
부산 해운대구,해운대해수욕장 -> 송정해수욕장 -> 해리단길,3,11588,2116,1738.1999999999998,1,0.15
부산 해운대구,해운대해수욕장 -> 송정해수욕장 -> 해운대수목원,3,23661,3304,3549.15,5,0.15
부산 해운대구,해운대해수욕장 -> 송정해수욕장 -> 해운대달맞이길,3,9413,1530,1604.85,0,0.17049293530224158
부산 해운대구,해운대해수욕장 -> 송정해수욕장 -> 해운대 영화의거리,3,15842,2275,2376.3,2,0.15000000000000002
부산 해운대구,해운대해수욕장 -> 송정해수욕장 -> 해파랑길 2코스,3,6292,1149,1054.35,0,0.16756993006993007
부산 해운대구,해운대해수욕장 -> 송정해수욕장 -> 해운대블루라인파크 스카이캡슐,3,10546,1733,1831.45,0,0.17366300018964537
부산 해운대구,해운대해수욕장 -> 송정해수욕장 -> 문탠로드,3,10955,1736,1643.25,0,0.15
부산 해운대구,해운대해수욕장 -> 송정해수욕장 -> 청사포몽돌해변,3,10765,1790,1614.75,0,0.15
부산 해운대구,해운대해수욕장 -> 송정해수욕장 -> 동백섬 누리마루전망대,3,12601,2404,1890.1499999999999,1,0.15
부산 해운대구,해운대해수욕장 -> 송정해수욕장 -> 해운대 이벤트광장,3,11667,2157,1750.05,1,0.15
부산 해운대구,해운대해수욕장 -> 송정해수욕장 -> 해월정,3,10419,1663,1806.0500000000002,0,0.17334197139840676
부산 해운대구,해운대해수욕장 -> 송정해수욕장 -> 해월전망대,3,10383,1658,1798.85,0,0.17324954252142924
부산 해운대구,해운대해수욕장 -> 송정해수욕장 -> 갈맷길 2코스1구간,3,11549,2126,1732.35,0,0.15
부산 해운대구,해운대해수욕장 -> 송정해수욕장 -> 할매탕,3,10733,1957,1609.9499999999998,0,0.15
부산 해운대구,해운대해수욕장 -> 송정해수욕장 -> 해운대블루라인파크 구덕포 간이역,3,6785,1171,1202.25,0,0.17719233603537216
부산 해운대구,해운대해수욕장 -> 동백섬 -> 해운대블루라인파크 미포정거장,3,5797,1238,1159.4,0,0.2
부산 해운대구,해운대해수욕장 -> 동백섬 -> 송정해수욕장,3,9658,1763,1586.65,1,0.16428349554773247
부산 해운대구,해운대해수욕장 -> 동백섬 -> 해운대블루라인파크 청사포정거장,3,7726,1520,1545.2000000000003,0,0.20000000000000004
부산 해운대구,해운대해수욕장 -> 동백섬 -> 청사포다릿돌전망대,3,8016,1578,1340.35,0,0.16720933133732535
부산 해운대구,해운대해수욕장 -> 동백섬 -> 부산엑스더스카이,3,5495,1160,1099.0,0,0.2
부산 해운대구,해운대해수욕장 -> 동백섬 -> 해운대블루라인파크 송정정거장,3,8797,1583,1457.5,1,0.16568148232351937
부산 해운대구,해운대해수욕장 -> 동백섬 -> 클럽디오아시스,3,4919,1027,983.8000000000001,0,0.2
부산 해운대구,해운대해수욕장 -> 동백섬 -> 해리단길,3,4631,1054,1113.4,0,0.24042323472252217
부산 해운대구,해운대해수욕장 -> 동백섬 -> 해운대수목원,3,15365,2656,2442.7,3,0.1589781972014318
부산 해운대구,해운대해수욕장 -> 동백섬 -> 해운대달맞이길,3,6864,1378,1372.8000000000002,0,0.20000000000000004
부산 해운대구,해운대해수욕장 -> 동백섬 -> 해운대 영화의거리,3,4726,1024,1141.9,0,0.24162082099026663
부산 해운대구,해운대해수욕장 -> 동백섬 -> 해파랑길 2코스,3,9642,1808,1584.25,1,0.16430719767683052
부산 해운대구,해운대해수욕장 -> 동백섬 -> 해운대블루라인파크 스카이캡슐,3,7779,1520,1304.8000000000002,0,0.16773364185627976
부산 해운대구,해운대해수욕장 -> 동백섬 -> 문탠로드,3,5974,1205,1194.8000000000002,0,0.20000000000000004
부산 해운대구,해운대해수욕장 -> 동백섬 -> 청사포몽돌해변,3,7998,1577,1337.65,0,0.16724806201550388
부산 해운대구,해운대해수욕장 -> 동백섬 -> 해운대 이벤트광장,3,4358,867,1031.5,0,0.2366911427260211
부산 해운대구,해운대해수욕장 -> 동백섬 -> 해월정,3,6510,1275,1302.0,0,0.2
부산 해운대구,해운대해수욕장 -> 동백섬 -> 해월전망대,3,6547,1279,1309.4,0,0.2
부산 해운대구,해운대해수욕장 -> 동백섬 -> 갈맷길 2코스1구간,3,4916,981,983.2,0,0.2
부산 해운대구,해운대해수욕장 -> 동백섬 -> 할매탕,3,4864,1012,972.8000000000001,0,0.2
부산 해운대구,해운대해수욕장 -> 동백섬 -> 해운대블루라인파크 구덕포 간이역,3,10122,1788,1656.25,1,0.1636287295000988
부산 해운대구,해운대해수욕장 -> 해운대블루라인파크 청사포정거장 -> 해운대블루라인파크 미포정거장,3,6839,1420,1367.8000000000002,0,0.20000000000000004
부산 해운대구,해운대해수욕장 -> 해운대블루라인파크 청사포정거장 -> 송정해수욕장,3,8398,1455,1679.6,0,0.19999999999999998
부산 해운대구,해운대해수욕장 -> 해운대블루라인파크 청사포정거장 -> 동백섬,3,8688,1746,1484.35,0,0.17085059852670348
부산 해운대구,해운대해수욕장 -> 해운대블루라인파크 청사포정거장 -> 청사포다릿돌전망대,3,4153,846,883.6,0,0.21276185889718277
부산 해운대구,해운대해수욕장 -> 해운대블루라인파크 청사포정거장 -> 부산엑스더스카이,3,6537,1341,1307.4,0,0.2
부산 해운대구,해운대해수욕장 -> 해운대블루라인파크 청사포정거장 -> 해운대블루라인파크 송정정거장,3,7537,1270,1507.4,0,0.2
부산 해운대구,해운대해수욕장 -> 해운대블루라인파크 청사포정거장 -> 클럽디오아시스,3,6650,1389,1330.0,0,0.2
부산 해운대구,해운대해수욕장 -> 해운대블루라인파크 청사포정거장 -> 해리단길,3,8282,1657,1656.4,0,0.2
부산 해운대구,해운대해수욕장 -> 해운대블루라인파크 청사포정거장 -> 해운대수목원,3,21687,3249,3434.2,5,0.15835293032692396
부산 해운대구,해운대해수욕장 -> 해운대블루라인파크 청사포정거장 -> 해운대달맞이길,3,4679,934,1041.4,0,0.22256892498397096
부산 해운대구,해운대해수욕장 -> 해운대블루라인파크 청사포정거장 -> 해운대 영화의거리,3,9261,1884,1570.3,0,0.16956052262174712
부산 해운대구,해운대해수욕장 -> 해운대블루라인파크 청사포정거장 -> 해파랑길 2코스,3,8382,1502,1676.4,0,0.2
부산 해운대구,해운대해수욕장 -> 해운대블루라인파크 청사포정거장 -> 해운대블루라인파크 스카이캡슐,3,3832,767,787.3000000000001,0,0.20545407098121088
부산 해운대구,해운대해수욕장 -> 해운대블루라인파크 청사포정거장 -> 문탠로드,3,6159,1138,1231.8000000000002,0,0.20000000000000004
부산 해운대구,해운대해수욕장 -> 해운대블루라인파크 청사포정거장 -> 청사포몽돌해변,3,4051,824,853.0,0,0.21056529252036535
부산 해운대구,해운대해수욕장 -> 해운대블루라인파크 청사포정거장 -> 동백섬 누리마루전망대,3,8688,1747,1484.35,0,0.17085059852670348
부산 해운대구,해운대해수욕장 -> 해운대블루라인파크 청사포정거장 -> 해운대 이벤트광장,3,7736,1592,1547.2,0,0.2
부산 해운대구,해운대해수욕장 -> 해운대블루라인파크 청사포정거장 -> 해월정,3,5623,1067,1124.6,0,0.19999999999999998
부산 해운대구,해운대해수욕장 -> 해운대블루라인파크 청사포정거장 -> 해월전망대,3,5587,1062,1313.8,0,0.2351530338285305
부산 해운대구,해운대해수욕장 -> 해운대블루라인파크 청사포정거장 -> 갈맷길 2코스1구간,3,7618,1559,1523.6,0,0.19999999999999998
부산 해운대구,해운대해수욕장 -> 해운대블루라인파크 청사포정거장 -> 할매탕,3,6802,1398,1360.4,0,0.2
부산 해운대구,해운대해수욕장 -> 해운대블루라인파크 청사포정거장 -> 해운대블루라인파크 구덕포 간이역,3,8862,1474,1510.45,0,0.17044120965921913
부산 해운대구,해운대해수욕장 -> 청사포다릿돌전망대 -> 해운대블루라인파크 미포정거장,3,7419,1540,1483.8000000000002,0,0.2
부산 해운대구,해운대해수욕장 -> 청사포다릿돌전망대 -> 송정해수욕장,3,8978,1573,1542.35,0,0.17179215860993538
부산 해운대구,해운대해수욕장 -> 청사포다릿돌전망대 -> 동백섬,3,9268,1860,1585.85,0,0.17111027190332326
부산 해운대구,해운대해수욕장 -> 청사포다릿돌전망대 -> 해운대블루라인파크 청사포정거장,3,4443,908,941.6,0,0.21192887688498763
부산 해운대구,해운대해수욕장 -> 청사포다릿돌전망대 -> 부산엑스더스카이,3,7117,1460,1423.4,0,0.2
부산 해운대구,해운대해수욕장 -> 청사포다릿돌전망대 -> 해운대블루라인파크 송정정거장,3,8117,1389,1623.4,0,0.2
부산 해운대구,해운대해수욕장 -> 청사포다릿돌전망대 -> 클럽디오아시스,3,7230,1509,1446.0,0,0.2
부산 해운대구,해운대해수욕장 -> 청사포다릿돌전망대 -> 해리단길,3,8862,1779,1772.4,0,0.2
부산 해운대구,해운대해수욕장 -> 해운대블루라인파크 미포정거장 -> 송정해수욕장 -> 동백섬,4,14214,2803,2386.2,1,0.16787674124102997
부산 해운대구,해운대해수욕장 -> 해운대블루라인파크 미포정거장 -> 송정해수욕장 -> 해운대블루라인파크 청사포정거장,4,12106,2128,2316.9,0,0.19138443746902364
부산 해운대구,해운대해수욕장 -> 해운대블루라인파크 미포정거장 -> 송정해수욕장 -> 청사포다릿돌전망대,4,12396,2186,2113.5,0,0.17049854791868344
부산 해운대구,해운대해수욕장 -> 해운대블루라인파크 미포정거장 -> 송정해수욕장 -> 부산엑스더스카이,4,12630,2454,2148.6,0,0.1701187648456057
부산 해운대구,해운대해수욕장 -> 해운대블루라인파크 미포정거장 -> 송정해수욕장 -> 해운대블루라인파크 송정정거장,4,7752,1522,1504.5,0,0.19407894736842105
부산 해운대구,해운대해수욕장 -> 해운대블루라인파크 미포정거장 -> 송정해수욕장 -> 클럽디오아시스,4,12743,2510,2165.55,0,0.16994035941301108
부산 해운대구,해운대해수욕장 -> 해운대블루라인파크 미포정거장 -> 송정해수욕장 -> 해리단길,4,13201,2516,2234.25,1,0.1692485417771381
부산 해운대구,해운대해수욕장 -> 해운대블루라인파크 미포정거장 -> 송정해수욕장 -> 해운대수목원,4,25274,3701,4045.2,5,0.16005381023977208
부산 해운대구,해운대해수욕장 -> 해운대블루라인파크 미포정거장 -> 송정해수욕장 -> 해운대달맞이길,4,11026,1925,2100.9,0,0.19054054054054054
부산 해운대구,해운대해수욕장 -> 해운대블루라인파크 미포정거장 -> 송정해수욕장 -> 해운대 영화의거리,4,17455,2669,2872.35,2,0.16455743340017187
부산 해운대구,해운대해수욕장 -> 해운대블루라인파크 미포정거장 -> 송정해수욕장 -> 해파랑길 2코스,4,7905,1544,1550.3999999999999,0,0.1961290322580645
부산 해운대구,해운대해수욕장 -> 해운대블루라인파크 미포정거장 -> 송정해수욕장 -> 해운대블루라인파크 스카이캡슐,4,12159,2129,2327.5,0,0.19142199194012666
부산 해운대구,해운대해수욕장 -> 해운대블루라인파크 미포정거장 -> 송정해수욕장 -> 문탠로드,4,12568,2130,2139.3,0,0.17021801400381925
부산 해운대구,해운대해수욕장 -> 해운대블루라인파크 미포정거장 -> 송정해수욕장 -> 청사포몽돌해변,4,12378,2186,2110.8,0,0.1705283567619971
부산 해운대구,해운대해수욕장 -> 해운대블루라인파크 미포정거장 -> 송정해수욕장 -> 동백섬 누리마루전망대,4,14214,2803,2386.2,1,0.16787674124102997
부산 해운대구,해운대해수욕장 -> 해운대블루라인파크 미포정거장 -> 송정해수욕장 -> 해운대 이벤트광장,4,13280,2559,2246.1,1,0.1691340361445783
부산 해운대구,해운대해수욕장 -> 해운대블루라인파크 미포정거장 -> 송정해수욕장 -> 해월정,4,12032,2058,2302.1,0,0.19133144946808509
부산 해운대구,해운대해수욕장 -> 해운대블루라인파크 미포정거장 -> 송정해수욕장 -> 해월전망대,4,11996,2053,2294.9,0,0.19130543514504836
부산 해운대구,해운대해수욕장 -> 해운대블루라인파크 미포정거장 -> 송정해수욕장 -> 갈맷길 2코스1구간,4,13162,2524,2228.4,0,0.16930557666008206
부산 해운대구,해운대해수욕장 -> 해운대블루라인파크 미포정거장 -> 송정해수욕장 -> 할매탕,4,12346,2357,2106.0,0,0.17058156487931314
부산 해운대구,해운대해수욕장 -> 해운대블루라인파크 미포정거장 -> 송정해수욕장 -> 해운대블루라인파크 구덕포 간이역,4,8398,1567,1698.3,0,0.20222672064777328
부산 해운대구,해운대해수욕장 -> 해운대블루라인파크 미포정거장 -> 동백섬 -> 송정해수욕장,4,11672,2339,2158.85,1,0.18495973269362576
부산 해운대구,해운대해수욕장 -> 해운대블루라인파크 미포정거장 -> 동백섬 -> 해운대블루라인파크 청사포정거장,4,9740,2089,2117.4,0,0.21739219712525668
부산 해운대구,해운대해수욕장 -> 해운대블루라인파크 미포정거장 -> 동백섬 -> 청사포다릿돌전망대,4,10030,2147,1912.55,0,0.1906829511465603
부산 해운대구,해운대해수욕장 -> 해운대블루라인파크 미포정거장 -> 동백섬 -> 부산엑스더스카이,4,7509,1728,1671.2,0,0.2225595951524837
부산 해운대구,해운대해수욕장 -> 해운대블루라인파크 미포정거장 -> 동백섬 -> 해운대블루라인파크 송정정거장,4,10811,2158,2029.6999999999998,1,0.18774396448062158
부산 해운대구,해운대해수욕장 -> 해운대블루라인파크 미포정거장 -> 동백섬 -> 클럽디오아시스,4,6933,1598,1556.0,0,0.22443386701283716
부산 해운대구,해운대해수욕장 -> 해운대블루라인파크 미포정거장 -> 동백섬 -> 해리단길,4,6645,1626,1685.6,0,0.2536644093303235
부산 해운대구,해운대해수욕장 -> 해운대블루라인파크 미포정거장 -> 동백섬 -> 해운대수목원,4,17379,3230,3014.8999999999996,3,0.1734794867368663
부산 해운대구,해운대해수욕장 -> 해운대블루라인파크 미포정거장 -> 동백섬 -> 해운대달맞이길,4,8878,1949,1945.0,0,0.21908087407073665
부산 해운대구,해운대해수욕장 -> 해운대블루라인파크 미포정거장 -> 동백섬 -> 해운대 영화의거리,4,6740,1596,1714.1,0,0.2543175074183976
부산 해운대구,해운대해수욕장 -> 해운대블루라인파크 미포정거장 -> 동백섬 -> 해파랑길 2코스,4,11656,2384,2156.45,1,0.18500772134522991
부산 해운대구,해운대해수욕장 -> 해운대블루라인파크 미포정거장 -> 동백섬 -> 해운대블루라인파크 스카이캡슐,4,9793,2091,1877.0,0,0.1916675176146227
부산 해운대구,해운대해수욕장 -> 해운대블루라인파크 미포정거장 -> 동백섬 -> 문탠로드,4,7988,1777,1767.0,0,0.22120681021532299
부산 해운대구,해운대해수욕장 -> 해운대블루라인파크 미포정거장 -> 동백섬 -> 청사포몽돌해변,4,10012,2149,1909.85,0,0.19075609268877347
부산 해운대구,해운대해수욕장 -> 해운대블루라인파크 미포정거장 -> 동백섬 -> 해운대 이벤트광장,4,6372,1439,1603.7,0,0.25167922159447587
부산 해운대구,해운대해수욕장 -> 해운대블루라인파크 미포정거장 -> 동백섬 -> 해월정,4,8524,1847,1874.2,0,0.21987329892069452
부산 해운대구,해운대해수욕장 -> 해운대블루라인파크 미포정거장 -> 동백섬 -> 해월전망대,4,8561,1851,1881.6,0,0.21978740801308258
부산 해운대구,해운대해수욕장 -> 해운대블루라인파크 미포정거장 -> 동백섬 -> 갈맷길 2코스1구간,4,6930,1553,1555.4,0,0.22444444444444445
부산 해운대구,해운대해수욕장 -> 해운대블루라인파크 미포정거장 -> 동백섬 -> 할매탕,4,6878,1584,1545.0,0,0.22462925268973538
부산 해운대구,해운대해수욕장 -> 해운대블루라인파크 미포정거장 -> 동백섬 -> 해운대블루라인파크 구덕포 간이역,4,12136,2360,2228.45,1,0.18362310481212918
부산 해운대구,해운대해수욕장 -> 해운대블루라인파크 미포정거장 -> 해운대블루라인파크 청사포정거장 -> 송정해수욕장,4,9445,1750,2058.4,0,0.21793541556379037
부산 해운대구,해운대해수욕장 -> 해운대블루라인파크 미포정거장 -> 해운대블루라인파크 청사포정거장 -> 동백섬,4,9735,2040,1863.15,0,0.19138674884437598
부산 해운대구,해운대해수욕장 -> 해운대블루라인파크 미포정거장 -> 해운대블루라인파크 청사포정거장 -> 청사포다릿돌전망대,4,5200,1140,1262.4,0,0.2427692307692308
부산 해운대구,해운대해수욕장 -> 해운대블루라인파크 미포정거장 -> 해운대블루라인파크 청사포정거장 -> 부산엑스더스카이,4,7584,1636,1686.2000000000003,0,0.2223364978902954
부산 해운대구,해운대해수욕장 -> 해운대블루라인파크 미포정거장 -> 해운대블루라인파크 청사포정거장 -> 해운대블루라인파크 송정정거장,4,8584,1563,1886.2000000000003,0,0.2197343895619758
부산 해운대구,해운대해수욕장 -> 해운대블루라인파크 미포정거장 -> 해운대블루라인파크 청사포정거장 -> 클럽디오아시스,4,7697,1682,1708.8000000000002,0,0.2220085747693907
부산 해운대구,해운대해수욕장 -> 해운대블루라인파크 미포정거장 -> 해운대블루라인파크 청사포정거장 -> 해리단길,4,9329,1951,2035.2000000000003,0,0.21815843069996788
부산 해운대구,해운대해수욕장 -> 해운대블루라인파크 미포정거장 -> 해운대블루라인파크 청사포정거장 -> 해운대수목원,4,22734,3540,3813.0,5,0.16772235418316178
부산 해운대구,해운대해수욕장 -> 해운대블루라인파크 미포정거장 -> 해운대블루라인파크 청사포정거장 -> 해운대달맞이길,4,5726,1227,1420.2,0,0.24802654558155782
부산 해운대구,해운대해수욕장 -> 해운대블루라인파크 미포정거장 -> 해운대블루라인파크 청사포정거장 -> 해운대 영화의거리,4,10308,2177,1949.1,0,0.1890861466821886
부산 해운대구,해운대해수욕장 -> 해운대블루라인파크 미포정거장 -> 해운대블루라인파크 청사포정거장 -> 해파랑길 2코스,4,9429,1794,2055.2000000000003,0,0.21796585003711955
부산 해운대구,해운대해수욕장 -> 해운대블루라인파크 미포정거장 -> 해운대블루라인파크 청사포정거장 -> 해운대블루라인파크 스카이캡슐,4,4879,1059,1166.1000000000001,0,0.2390038942406231
부산 해운대구,해운대해수욕장 -> 해운대블루라인파크 미포정거장 -> 해운대블루라인파크 청사포정거장 -> 문탠로드,4,7206,1430,1610.6000000000001,0,0.2235081876214266
부산 해운대구,해운대해수욕장 -> 해운대블루라인파크 미포정거장 -> 해운대블루라인파크 청사포정거장 -> 청사포몽돌해변,4,5098,1116,1231.8000000000002,0,0.2416241663397411
부산 해운대구,해운대해수욕장 -> 해운대블루라인파크 미포정거장 -> 해운대블루라인파크 청사포정거장 -> 동백섬 누리마루전망대,4,9735,2037,1863.15,0,0.19138674884437598
부산 해운대구,해운대해수욕장 -> 해운대블루라인파크 미포정거장 -> 해운대블루라인파크 청사포정거장 -> 해운대 이벤트광장,4,8783,1883,1926.0,0,0.21928725947853808
부산 해운대구,해운대해수욕장 -> 해운대블루라인파크 미포정거장 -> 해운대블루라인파크 청사포정거장 -> 해월정,4,6670,1359,1503.4,0,0.22539730134932534
부산 해운대구,해운대해수욕장 -> 해운대블루라인파크 미포정거장 -> 해운대블루라인파크 청사포정거장 -> 해월전망대,4,6634,1354,1692.6,0,0.25514018691588786
부산 해운대구,해운대해수욕장 -> 해운대블루라인파크 미포정거장 -> 해운대블루라인파크 청사포정거장 -> 갈맷길 2코스1구간,4,8665,1850,1902.4,0,0.21954991344489325
부산 해운대구,해운대해수욕장 -> 해운대블루라인파크 미포정거장 -> 해운대블루라인파크 청사포정거장 -> 할매탕,4,7849,1689,1739.2000000000003,0,0.2215823671805326
부산 해운대구,해운대해수욕장 -> 해운대블루라인파크 미포정거장 -> 해운대블루라인파크 청사포정거장 -> 해운대블루라인파크 구덕포 간이역,4,9909,1765,1889.25,0,0.19066000605510142
부산 해운대구,해운대해수욕장 -> 해운대블루라인파크 미포정거장 -> 청사포다릿돌전망대 -> 송정해수욕장,4,10025,1865,1921.15,0,0.1916359102244389
부산 해운대구,해운대해수욕장 -> 해운대블루라인파크 미포정거장 -> 청사포다릿돌전망대 -> 동백섬,4,10315,2154,1964.65,0,0.19046534173533688
부산 해운대구,해운대해수욕장 -> 해운대블루라인파크 미포정거장 -> 청사포다릿돌전망대 -> 해운대블루라인파크 청사포정거장,4,5490,1201,1320.4,0,0.24051001821493626
부산 해운대구,해운대해수욕장 -> 해운대블루라인파크 미포정거장 -> 청사포다릿돌전망대 -> 부산엑스더스카이,4,8164,1753,1802.2000000000003,0,0.22074963253307206
부산 해운대구,해운대해수욕장 -> 해운대블루라인파크 미포정거장 -> 청사포다릿돌전망대 -> 해운대블루라인파크 송정정거장,4,9164,1681,2002.2000000000003,0,0.21848537756438238
부산 해운대구,해운대해수욕장 -> 해운대블루라인파크 미포정거장 -> 청사포다릿돌전망대 -> 클럽디오아시스,4,8277,1802,1824.8000000000002,0,0.220466352543192
부산 해운대구,해운대해수욕장 -> 해운대블루라인파크 미포정거장 -> 청사포다릿돌전망대 -> 해리단길,4,9909,2073,2151.2000000000003,0,0.21709556968412558
부산 해운대구,해운대해수욕장 -> 해운대블루라인파크 미포정거장 -> 청사포다릿돌전망대 -> 해운대수목원,4,23314,3657,3914.5,5,0.16790340567899117
부산 해운대구,해운대해수욕장 -> 해운대블루라인파크 미포정거장 -> 청사포다릿돌전망대 -> 해운대달맞이길,4,6306,1347,1565.2,0,0.2482080558198541
부산 해운대구,해운대해수욕장 -> 해운대블루라인파크 미포정거장 -> 청사포다릿돌전망대 -> 해운대 영화의거리,4,10888,2295,2050.6,0,0.18833578251285818
부산 해운대구,해운대해수욕장 -> 해운대블루라인파크 미포정거장 -> 청사포다릿돌전망대 -> 해파랑길 2코스,4,10009,1910,1918.75,0,0.1917024677789989
부산 해운대구,해운대해수욕장 -> 해운대블루라인파크 미포정거장 -> 청사포다릿돌전망대 -> 해운대블루라인파크 스카이캡슐,4,5543,1202,1336.3000000000002,0,0.2410788381742739
부산 해운대구,해운대해수욕장 -> 해운대블루라인파크 미포정거장 -> 청사포다릿돌전망대 -> 문탠로드,4,7786,1549,1726.6000000000001,0,0.2217569997431287
부산 해운대구,해운대해수욕장 -> 해운대블루라인파크 미포정거장 -> 청사포다릿돌전망대 -> 청사포몽돌해변,4,5762,1258,1402.0,0,0.24331829225963209
부산 해운대구,해운대해수욕장 -> 해운대블루라인파크 미포정거장 -> 청사포다릿돌전망대 -> 동백섬 누리마루전망대,4,10518,2180,1995.1,0,0.18968435063700323
부산 해운대구,해운대해수욕장 -> 해운대블루라인파크 미포정거장 -> 청사포다릿돌전망대 -> 해운대 이벤트광장,4,9566,2028,2082.6000000000004,0,0.2177085511185449
부산 해운대구,해운대해수욕장 -> 해운대블루라인파크 미포정거장 -> 청사포다릿돌전망대 -> 해월정,4,7250,1477,1619.4,0,0.22336551724137932
부산 해운대구,해운대해수욕장 -> 해운대블루라인파크 미포정거장 -> 청사포다릿돌전망대 -> 해월전망대,4,7214,1472,1612.2,0,0.2234821181036873
부산 해운대구,해운대해수욕장 -> 해운대블루라인파크 미포정거장 -> 청사포다릿돌전망대 -> 갈맷길 2코스1구간,4,9448,1995,2059.0,0,0.21792972057578325
부산 해운대구,해운대해수욕장 -> 해운대블루라인파크 미포정거장 -> 청사포다릿돌전망대 -> 할매탕,4,8429,1808,1855.2000000000003,0,0.2200972831889904
부산 해운대구,해운대해수욕장 -> 해운대블루라인파크 미포정거장 -> 청사포다릿돌전망대 -> 해운대블루라인파크 구덕포 간이역,4,10489,1880,1990.75,0,0.18979406997807227
부산 해운대구,해운대해수욕장 -> 해운대블루라인파크 미포정거장 -> 부산엑스더스카이 -> 송정해수욕장,4,7607,1392,1452.4499999999998,0,0.1909359800184041
부산 해운대구,해운대해수욕장 -> 해운대블루라인파크 미포정거장 -> 부산엑스더스카이 -> 동백섬,4,4981,1186,1203.8,0,0.24167837783577595
부산 해운대구,해운대해수욕장 -> 해운대블루라인파크 미포정거장 -> 부산엑스더스카이 -> 해운대블루라인파크 청사포정거장,4,4750,1021,1157.6,0,0.24370526315789473
부산 해운대구,해운대해수욕장 -> 해운대블루라인파크 미포정거장 -> 부산엑스더스카이 -> 청사포다릿돌전망대,4,5040,1079,1215.6,0,0.24119047619047618
부산 해운대구,해운대해수욕장 -> 해운대블루라인파크 미포정거장 -> 부산엑스더스카이 -> 해운대블루라인파크 송정정거장,4,6746,1211,1556.8,0,0.23077379187666766
부산 해운대구,해운대해수욕장 -> 해운대블루라인파크 미포정거장 -> 부산엑스더스카이 -> 클럽디오아시스,4,2815,836,844.5,0,0.3
부산 해운대구,해운대해수욕장 -> 해운대블루라인파크 미포정거장 -> 부산엑스더스카이 -> 해리단길,4,4715,1140,1150.6,0,0.24402969247083772
부산 해운대구,해운대해수욕장 -> 해운대블루라인파크 미포정거장 -> 부산엑스더스카이 -> 해운대수목원,4,16193,2953,2740.3499999999995,3,0.16923053171123323
부산 해운대구,해운대해수욕장 -> 해운대블루라인파크 미포정거장 -> 부산엑스더스카이 -> 해운대달맞이길,4,3888,879,1166.4,0,0.30000000000000004
부산 해운대구,해운대해수욕장 -> 해운대블루라인파크 미포정거장 -> 부산엑스더스카이 -> 해운대 영화의거리,4,5554,1324,1318.4,0,0.23737846597047174
부산 해운대구,해운대해수욕장 -> 해운대블루라인파크 미포정거장 -> 부산엑스더스카이 -> 해파랑길 2코스,4,7591,1439,1450.05,0,0.19102226320642865
부산 해운대구,해운대해수욕장 -> 해운대블루라인파크 미포정거장 -> 부산엑스더스카이 -> 해운대블루라인파크 스카이캡슐,4,4803,1022,1168.1999999999998,0,0.24322298563397873
서울 중구,덕수궁 -> 남산골한옥마을 -> 남산케이블카,3,6024,1626,1402.8000000000002,0,0.23286852589641438
서울 중구,덕수궁 -> 남산골한옥마을 -> 숭례문,3,7005,1705,1401.0,0,0.2
서울 중구,덕수궁 -> 남산골한옥마을 -> 덕수궁돌담길,3,6953,1738,1390.6000000000001,0,0.2
서울 중구,덕수궁 -> 남산골한옥마을 -> 신당동떡볶이타운,3,6606,1558,1321.2,0,0.2
서울 중구,덕수궁 -> 남산골한옥마을 -> 정동전망대,3,6963,1740,1392.6000000000001,0,0.2
서울 중구,덕수궁 -> 남산골한옥마을 -> 남대문갈치조림골목,3,6335,1589,1267.0,0,0.2
서울 중구,덕수궁 -> 남산골한옥마을 -> 남산둘레길,3,7434,1768,1486.8000000000002,0,0.2
서울 중구,덕수궁 -> 남산골한옥마을 -> 청계천한빛광장,3,6760,1705,1352.0,0,0.2
서울 중구,덕수궁 -> 남산골한옥마을 -> 백범광장,3,7126,1727,1425.2000000000003,0,0.20000000000000004
서울 중구,덕수궁 -> 남산골한옥마을 -> 덕수궁 대한문,3,6877,1723,1375.4,0,0.2
서울 중구,덕수궁 -> 남산골한옥마을 -> 서울한양도성 남산구간 3코스,3,6797,1502,1359.4,0,0.2
서울 중구,덕수궁 -> 남산골한옥마을 -> 남산팔각정,3,6797,1503,1359.4,0,0.2
서울 중구,덕수궁 -> 남산골한옥마을 -> 남대문칼국수골목,3,6189,1525,1237.8000000000002,0,0.20000000000000004
서울 중구,덕수궁 -> 남산골한옥마을 -> 덕수궁 석조전대한제국역사관,3,7295,1840,1459.0,0,0.2
서울 중구,덕수궁 -> 남산골한옥마을 -> 서울한양도성 흥인지문구간,3,6032,1481,1405.2,0,0.23295755968169762
서울 중구,덕수궁 -> 남산골한옥마을 -> 장충동족발거리,3,6371,1485,1274.2,0,0.2
서울 중구,덕수궁 -> 남산골한옥마을 -> 광희문,3,5805,1359,1337.1,0,0.23033591731266148
서울 중구,덕수궁 -> 남산골한옥마을 -> 을지로노가리골목,3,6223,1609,1244.6000000000001,0,0.2
서울 중구,덕수궁 -> 남산골한옥마을 -> 몽골타운,3,5705,1416,1307.1,0,0.2291148115687993
서울 중구,덕수궁 -> 남산골한옥마을 -> 세실마루,3,7738,1867,1547.6000000000001,0,0.2
서울 중구,덕수궁 -> 남산골한옥마을 -> 환구단 황궁우,3,6119,1526,1223.8000000000002,0,0.20000000000000004
서울 중구,덕수궁 -> 남산골한옥마을 -> 덕수궁 중명전,3,7327,1848,1465.4,0,0.2
서울 중구,덕수궁 -> 남산케이블카 -> 남산골한옥마을,3,7372,1773,1474.4,0,0.2
서울 중구,덕수궁 -> 남산케이블카 -> 숭례문,3,5946,1551,1189.2,0,0.2
서울 중구,덕수궁 -> 남산케이블카 -> 덕수궁돌담길,3,6837,1673,1367.4,0,0.2
서울 중구,덕수궁 -> 남산케이블카 -> 신당동떡볶이타운,3,9123,2081,1555.6999999999998,0,0.17052504658555298
서울 중구,덕수궁 -> 남산케이블카 -> 정동전망대,3,6847,1672,1369.4,0,0.2
서울 중구,덕수궁 -> 남산케이블카 -> 남대문갈치조림골목,3,5219,1360,1191.2,0,0.2282429584211535
서울 중구,덕수궁 -> 남산케이블카 -> 남산둘레길,3,5485,1343,1271.0,0,0.23172288058340929
서울 중구,덕수궁 -> 남산케이블카 -> 청계천한빛광장,3,6611,1692,1322.2,0,0.2
서울 중구,덕수궁 -> 남산케이블카 -> 백범광장,3,5177,1302,1178.6,0,0.2276608074174232
서울 중구,덕수궁 -> 남산케이블카 -> 덕수궁 대한문,3,6761,1655,1352.2,0,0.2
서울 중구,덕수궁 -> 남산케이블카 -> 서울한양도성 남산구간 3코스,3,9031,1742,1541.9,0,0.17073413796921716
서울 중구,덕수궁 -> 남산케이블카 -> 남산팔각정,3,9031,1742,1541.9,0,0.17073413796921716
서울 중구,덕수궁 -> 남산케이블카 -> 남대문칼국수골목,3,5141,1353,1167.8,0,0.227154250145886
서울 중구,덕수궁 -> 남산케이블카 -> 덕수궁 석조전대한제국역사관,3,7179,1771,1435.8000000000002,0,0.20000000000000004
서울 중구,덕수궁 -> 남산케이블카 -> 서울한양도성 흥인지문구간,3,8549,1999,1709.8000000000002,0,0.2
서울 중구,덕수궁 -> 남산케이블카 -> 장충동족발거리,3,8888,2008,1520.4499999999998,0,0.1710677317731773
서울 중구,덕수궁 -> 남산케이블카 -> 광희문,3,8322,1883,1664.4,0,0.2
서울 중구,덕수궁 -> 남산케이블카 -> 을지로노가리골목,3,7318,1843,1463.6,0,0.19999999999999998
서울 중구,덕수궁 -> 남산케이블카 -> 몽골타운,3,8222,1940,1644.4,0,0.2
서울 중구,덕수궁 -> 남산케이블카 -> 세실마루,3,6591,1618,1318.2,0,0.2
서울 중구,덕수궁 -> 남산케이블카 -> 환구단 황궁우,3,5818,1520,1163.6,0,0.19999999999999998
서울 중구,덕수궁 -> 남산케이블카 -> 덕수궁 중명전,3,7211,1771,1442.2,0,0.2
서울 중구,덕수궁 -> 숭례문 -> 남산골한옥마을,3,4186,980,1022.8,0,0.24433827042522693
서울 중구,덕수궁 -> 숭례문 -> 남산케이블카,3,3887,1014,963.0,0,0.24774890661178287
서울 중구,덕수궁 -> 숭례문 -> 덕수궁돌담길,3,3627,878,1088.1,0,0.3
서울 중구,덕수궁 -> 숭례문 -> 신당동떡볶이타운,3,5937,1295,1373.0,0,0.23126157992251978
서울 중구,덕수궁 -> 숭례문 -> 정동전망대,3,3637,880,1091.1,0,0.3
서울 중구,덕수궁 -> 숭례문 -> 남대문갈치조림골목,3,2410,725,723.0,0,0.3
서울 중구,덕수궁 -> 숭례문 -> 남산둘레길,3,3296,821,988.8,0,0.3
서울 중구,덕수궁 -> 숭례문 -> 청계천한빛광장,3,3425,892,1027.5,0,0.3
서울 중구,덕수궁 -> 숭례문 -> 백범광장,3,2988,780,896.3999999999999,0,0.29999999999999993
서울 중구,덕수궁 -> 숭례문 -> 덕수궁 대한문,3,3551,862,1065.3,0,0.3
서울 중구,덕수궁 -> 숭례문 -> 서울한양도성 남산구간 3코스,3,6128,1238,1411.2,0,0.23028720626631854
서울 중구,덕수궁 -> 숭례문 -> 남산팔각정,3,6128,1239,1411.2,0,0.23028720626631854
서울 중구,덕수궁 -> 숭례문 -> 남대문칼국수골목,3,2332,718,699.5999999999999,0,0.29999999999999993
서울 중구,덕수궁 -> 숭례문 -> 덕수궁 석조전대한제국역사관,3,3969,978,979.4,0,0.24676240866717056
서울 중구,덕수궁 -> 숭례문 -> 서울한양도성 흥인지문구간,3,5363,1216,1258.2,0,0.23460749580458698
서울 중구,덕수궁 -> 숭례문 -> 장충동족발거리,3,5702,1218,1326.0,0,0.23254998246229394
서울 중구,덕수궁 -> 숭례문 -> 광희문,3,5136,1090,1212.8,0,0.23613707165109032
서울 중구,덕수궁 -> 숭례문 -> 을지로노가리골목,3,4132,1044,1012.0,0,0.24491771539206195
서울 중구,덕수궁 -> 숭례문 -> 몽골타운,3,5036,1151,1192.8,0,0.23685464654487687
서울 중구,덕수궁 -> 숭례문 -> 세실마루,3,3381,827,1014.3,0,0.3
서울 중구,덕수궁 -> 숭례문 -> 환구단 황궁우,3,2608,735,782.4,0,0.3
서울 중구,덕수궁 -> 숭례문 -> 덕수궁 중명전,3,4001,983,985.8,0,0.24638840289927516
서울 중구,덕수궁 -> 덕수궁돌담길 -> 남산골한옥마을,3,5733,1512,1309.7,0,0.22844932844932847
서울 중구,덕수궁 -> 덕수궁돌담길 -> 남산케이블카,3,5434,1536,1249.9,0,0.2300147221199853
서울 중구,덕수궁 -> 덕수궁돌담길 -> 숭례문,3,3545,1027,1063.5,0,0.3
서울 중구,덕수궁 -> 덕수궁돌담길 -> 신당동떡볶이타운,3,7484,1830,1367.25,0,0.18268973810796366
서울 중구,덕수궁 -> 덕수궁돌담길 -> 정동전망대,3,1640,471,491.99999999999994,0,0.3
서울 중구,덕수궁 -> 덕수궁돌담길 -> 남대문갈치조림골목,3,4101,1215,983.3,0,0.23977078761277737
서울 중구,덕수궁 -> 덕수궁돌담길 -> 남산둘레길,3,4747,1249,1112.5,0,0.23435854223720246
서울 중구,덕수궁 -> 남산골한옥마을 -> 남산케이블카 -> 숭례문,4,8225,2122,1843.0000000000002,0,0.22407294832826752
서울 중구,덕수궁 -> 남산골한옥마을 -> 남산케이블카 -> 덕수궁돌담길,4,9116,2243,2021.2000000000003,0,0.22172005265467312
서울 중구,덕수궁 -> 남산골한옥마을 -> 남산케이블카 -> 신당동떡볶이타운,4,11402,2654,2209.5,0,0.19378179266795298
서울 중구,덕수궁 -> 남산골한옥마을 -> 남산케이블카 -> 정동전망대,4,9126,2245,2023.2000000000003,0,0.22169625246548327
서울 중구,덕수궁 -> 남산골한옥마을 -> 남산케이블카 -> 남대문갈치조림골목,4,7498,1931,1845.0000000000002,0,0.2460656174979995
서울 중구,덕수궁 -> 남산골한옥마을 -> 남산케이블카 -> 남산둘레길,4,7764,1917,1924.8000000000002,0,0.24791344667697066
서울 중구,덕수궁 -> 남산골한옥마을 -> 남산케이블카 -> 청계천한빛광장,4,8890,2264,1976.0000000000002,0,0.2222722159730034
서울 중구,덕수궁 -> 남산골한옥마을 -> 남산케이블카 -> 백범광장,4,7456,1877,1832.4,0,0.2457618025751073
서울 중구,덕수궁 -> 남산골한옥마을 -> 남산케이블카 -> 덕수궁 대한문,4,9040,2231,2006.0000000000002,0,0.22190265486725666
서울 중구,덕수궁 -> 남산골한옥마을 -> 남산케이블카 -> 서울한양도성 남산구간 3코스,4,11310,2317,2195.7000000000003,0,0.1941379310344828
서울 중구,덕수궁 -> 남산골한옥마을 -> 남산케이블카 -> 남산팔각정,4,11310,2317,2195.7000000000003,0,0.1941379310344828
서울 중구,덕수궁 -> 남산골한옥마을 -> 남산케이블카 -> 남대문칼국수골목,4,7420,1925,1821.6000000000001,0,0.24549865229110515
서울 중구,덕수궁 -> 남산골한옥마을 -> 남산케이블카 -> 덕수궁 석조전대한제국역사관,4,9458,2346,2089.6000000000004,0,0.22093465849016708
서울 중구,덕수궁 -> 남산골한옥마을 -> 남산케이블카 -> 서울한양도성 흥인지문구간,4,10828,2569,2363.6000000000004,0,0.218285925378648
서울 중구,덕수궁 -> 남산골한옥마을 -> 남산케이블카 -> 장충동족발거리,4,11167,2578,2174.25,0,0.19470314318975554
서울 중구,덕수궁 -> 남산골한옥마을 -> 남산케이블카 -> 광희문,4,10601,2452,2318.2000000000003,0,0.2186774832562966
서울 중구,덕수궁 -> 남산골한옥마을 -> 남산케이블카 -> 을지로노가리골목,4,9597,2413,2117.4,0,0.2206314473272898
서울 중구,덕수궁 -> 남산골한옥마을 -> 남산케이블카 -> 몽골타운,4,10501,2510,2298.2000000000003,0,0.2188553471097991
서울 중구,덕수궁 -> 남산골한옥마을 -> 남산케이블카 -> 세실마루,4,8870,2195,1972.0000000000002,0,0.22232243517474637
서울 중구,덕수궁 -> 남산골한옥마을 -> 남산케이블카 -> 환구단 황궁우,4,8097,2094,1817.4,0,0.2244535012967766
서울 중구,덕수궁 -> 남산골한옥마을 -> 남산케이블카 -> 덕수궁 중명전,4,9490,2347,2096.0,0,0.2208640674394099
서울 중구,덕수궁 -> 남산골한옥마을 -> 숭례문 -> 남산케이블카,4,9036,2181,1807.2,0,0.2
서울 중구,덕수궁 -> 남산골한옥마을 -> 숭례문 -> 덕수궁돌담길,4,8776,2045,1932.3,0,0.22018003646308112
서울 중구,덕수궁 -> 남산골한옥마을 -> 숭례문 -> 신당동떡볶이타운,4,11086,2461,2217.2,0,0.19999999999999998
서울 중구,덕수궁 -> 남산골한옥마을 -> 숭례문 -> 정동전망대,4,8786,2047,1935.3,0,0.22027088549965854
서울 중구,덕수궁 -> 남산골한옥마을 -> 숭례문 -> 남대문갈치조림골목,4,7559,1892,1567.2,0,0.2073290117740442
서울 중구,덕수궁 -> 남산골한옥마을 -> 숭례문 -> 남산둘레길,4,8445,1986,1833.0,0,0.21705150976909413
서울 중구,덕수궁 -> 남산골한옥마을 -> 숭례문 -> 청계천한빛광장,4,8341,2135,1825.1000000000001,0,0.21881069416137156
서울 중구,덕수궁 -> 남산골한옥마을 -> 숭례문 -> 백범광장,4,7904,2023,1694.0,0,0.21432186234817813
서울 중구,덕수궁 -> 남산골한옥마을 -> 숭례문 -> 덕수궁 대한문,4,8467,2105,1862.9,0,0.2200188968938231
서울 중구,덕수궁 -> 남산골한옥마을 -> 숭례문 -> 서울한양도성 남산구간 3코스,4,11758,2464,2351.6000000000004,0,0.20000000000000004
서울 중구,덕수궁 -> 남산골한옥마을 -> 숭례문 -> 남산팔각정,4,11758,2464,2351.6000000000004,0,0.20000000000000004
서울 중구,덕수궁 -> 남산골한옥마을 -> 숭례문 -> 남대문칼국수골목,4,7248,1962,1497.2,0,0.2065673289183223
서울 중구,덕수궁 -> 남산골한옥마을 -> 숭례문 -> 덕수궁 석조전대한제국역사관,4,8885,2222,1777.0,0,0.2
서울 중구,덕수궁 -> 남산골한옥마을 -> 숭례문 -> 서울한양도성 흥인지문구간,4,10279,2460,2055.8,0,0.2
서울 중구,덕수궁 -> 남산골한옥마을 -> 숭례문 -> 장충동족발거리,4,10500,2469,2100.0,0,0.2
서울 중구,덕수궁 -> 남산골한옥마을 -> 숭례문 -> 광희문,4,10052,2334,2010.4,0,0.2
서울 중구,덕수궁 -> 남산골한옥마을 -> 숭례문 -> 을지로노가리골목,4,9048,2288,1809.6000000000001,0,0.2
서울 중구,덕수궁 -> 남산골한옥마을 -> 숭례문 -> 몽골타운,4,9952,2395,1990.4,0,0.2
서울 중구,덕수궁 -> 남산골한옥마을 -> 숭례문 -> 세실마루,4,8297,2071,1811.9,0,0.21838013739905993
서울 중구,덕수궁 -> 남산골한옥마을 -> 숭례문 -> 환구단 황궁우,4,7524,1979,1580.0,0,0.2099946836788942
서울 중구,덕수궁 -> 남산골한옥마을 -> 숭례문 -> 덕수궁 중명전,4,8917,2227,1783.4,0,0.2
서울 중구,덕수궁 -> 남산골한옥마을 -> 덕수궁돌담길 -> 남산케이블카,4,10290,2952,2058.0,0,0.2
서울 중구,덕수궁 -> 남산골한옥마을 -> 덕수궁돌담길 -> 숭례문,4,8634,2371,1918.1999999999998,0,0.22216817234190409
서울 중구,덕수궁 -> 남산골한옥마을 -> 덕수궁돌담길 -> 신당동떡볶이타운,4,12340,3245,2187.0,0,0.1772285251215559
서울 중구,덕수궁 -> 남산골한옥마을 -> 덕수궁돌담길 -> 정동전망대,4,6729,1819,1346.7,0,0.20013374944271067
서울 중구,덕수궁 -> 남산골한옥마을 -> 덕수궁돌담길 -> 남대문갈치조림골목,4,9190,2556,1838.0,0,0.2
서울 중구,덕수궁 -> 남산골한옥마을 -> 덕수궁돌담길 -> 남산둘레길,4,9836,2598,1967.2,0,0.2
서울 중구,덕수궁 -> 남산골한옥마을 -> 덕수궁돌담길 -> 청계천한빛광장,4,9199,2502,1839.8,0,0.19999999999999998
서울 중구,덕수궁 -> 남산골한옥마을 -> 덕수궁돌담길 -> 백범광장,4,9528,2557,1905.6,0,0.19999999999999998
서울 중구,덕수궁 -> 남산골한옥마을 -> 덕수궁돌담길 -> 덕수궁 대한문,4,8333,2287,1827.9,0,0.21935677427097086
서울 중구,덕수궁 -> 남산골한옥마을 -> 덕수궁돌담길 -> 서울한양도성 남산구간 3코스,4,12531,3181,2215.65,0,0.17681350251376587
서울 중구,덕수궁 -> 남산골한옥마을 -> 덕수궁돌담길 -> 남산팔각정,4,12531,3180,2215.65,0,0.17681350251376587
서울 중구,덕수궁 -> 남산골한옥마을 -> 덕수궁돌담길 -> 남대문칼국수골목,4,9534,2740,1906.8000000000002,0,0.2
서울 중구,덕수궁 -> 남산골한옥마을 -> 덕수궁돌담길 -> 덕수궁 석조전대한제국역사관,4,7061,1916,1446.3,0,0.20482934428551197
서울 중구,덕수궁 -> 남산골한옥마을 -> 덕수궁돌담길 -> 서울한양도성 흥인지문구간,4,11241,3028,2248.2,0,0.19999999999999998
서울 중구,덕수궁 -> 남산골한옥마을 -> 덕수궁돌담길 -> 장충동족발거리,4,12113,3336,2152.95,0,0.17773879303227935
서울 중구,덕수궁 -> 남산골한옥마을 -> 덕수궁돌담길 -> 광희문,4,11539,3042,2307.8,0,0.2
서울 중구,덕수궁 -> 남산골한옥마을 -> 덕수궁돌담길 -> 을지로노가리골목,4,9906,2656,1981.2,0,0.2
서울 중구,덕수궁 -> 남산골한옥마을 -> 덕수궁돌담길 -> 몽골타운,4,11532,3197,2306.4,0,0.2
서울 중구,덕수궁 -> 남산골한옥마을 -> 덕수궁돌담길 -> 세실마루,4,8163,2249,1776.9,0,0.2176773245130467
서울 중구,덕수궁 -> 남산골한옥마을 -> 덕수궁돌담길 -> 환구단 황궁우,4,9264,2520,1852.8,0,0.19999999999999998
서울 중구,덕수궁 -> 남산골한옥마을 -> 덕수궁돌담길 -> 덕수궁 중명전,4,7093,1920,1455.9,0,0.20525870576624844
서울 중구,덕수궁 -> 남산골한옥마을 -> 신당동떡볶이타운 -> 남산케이블카,4,11727,3060,2077.7,0,0.17717233734117846
서울 중구,덕수궁 -> 남산골한옥마을 -> 신당동떡볶이타운 -> 숭례문,4,11787,3033,2086.7,0,0.17703402053109357
서울 중구,덕수궁 -> 남산골한옥마을 -> 신당동떡볶이타운 -> 덕수궁돌담길,4,10459,2674,2091.8,0,0.2
서울 중구,덕수궁 -> 남산골한옥마을 -> 신당동떡볶이타운 -> 정동전망대,4,10469,2676,2093.8,0,0.2
서울 중구,덕수궁 -> 남산골한옥마을 -> 신당동떡볶이타운 -> 남대문갈치조림골목,4,11117,2906,2223.4,0,0.2
서울 중구,덕수궁 -> 남산골한옥마을 -> 신당동떡볶이타운 -> 남산둘레길,4,11946,2796,2110.5499999999997,0,0.17667420056922817
서울 중구,덕수궁 -> 남산골한옥마을 -> 신당동떡볶이타운 -> 청계천한빛광장,4,10226,2617,2045.1999999999998,0,0.19999999999999998
서울 중구,덕수궁 -> 남산골한옥마을 -> 신당동떡볶이타운 -> 백범광장,4,12220,2820,2151.6499999999996,0,0.1760761047463175
서울 중구,덕수궁 -> 남산골한옥마을 -> 신당동떡볶이타운 -> 덕수궁 대한문,4,10383,2658,2076.6,0,0.19999999999999998
서울 중구,덕수궁 -> 남산골한옥마을 -> 신당동떡볶이타운 -> 서울한양도성 남산구간 3코스,4,9209,2357,1841.8,0,0.19999999999999998
서울 중구,덕수궁 -> 남산골한옥마을 -> 신당동떡볶이타운 -> 남산팔각정,4,9209,2357,1841.8,0,0.19999999999999998
