route_id,region,itinerary_names,num_activities,total_distance_m,total_duration_sec,total_walk_distance_m,total_transfers,walk_ratio
1,서울 종로구,경복궁 -> 창덕궁 -> 북촌한옥마을,3,5299,1418,0,11,0.0
2,서울 종로구,경복궁 -> 창덕궁 -> 창경궁,3,4773,1268,0,10,0.0
3,서울 종로구,경복궁 -> 창덕궁 -> 광화문,3,3713,1014,0,6,0.0
4,서울 종로구,경복궁 -> 창덕궁 -> 광화문광장,3,3925,1207,0,7,0.0
5,서울 종로구,경복궁 -> 창덕궁 -> 청계천,3,4438,1503,0,8,0.0
6,서울 종로구,경복궁 -> 창덕궁 -> 종묘,3,3827,1091,0,8,0.0
7,서울 종로구,경복궁 -> 창덕궁 -> 청와대 사랑채,3,4547,1247,0,10,0.0
8,서울 종로구,경복궁 -> 창덕궁 -> 쌈지길,3,3656,1127,0,7,0.0
9,서울 종로구,경복궁 -> 창덕궁 -> 흥인지문,3,5483,1393,0,8,0.0
10,서울 종로구,경복궁 -> 창덕궁 -> 인왕산,3,7823,1631,0,8,0.0
11,서울 종로구,경복궁 -> 창덕궁 -> 익선동한옥거리,3,3365,1065,0,9,0.0
12,서울 종로구,경복궁 -> 창덕궁 -> 북악스카이웨이,3,8215,1754,0,11,0.0
13,서울 종로구,경복궁 -> 창덕궁 -> 석파정,3,7192,1736,0,13,0.0
14,서울 종로구,경복궁 -> 창덕궁 -> 경희궁,3,5063,1485,0,9,0.0
15,서울 종로구,경복궁 -> 창덕궁 -> 인사동 문화의거리,3,3145,1010,0,8,0.0
16,서울 종로구,경복궁 -> 창덕궁 -> 북한산둘레길 6구간평창마을길,3,9523,1870,0,10,0.0
17,서울 종로구,경복궁 -> 창덕궁 -> 창덕궁 후원,3,4773,1267,0,10,0.0
18,서울 종로구,경복궁 -> 창덕궁 -> 서촌한옥마을,3,4460,1176,0,9,0.0
19,서울 종로구,경복궁 -> 창덕궁 -> 운현궁,3,2949,1017,0,7,0.0
20,서울 종로구,경복궁 -> 창덕궁 -> 인왕산 수성동계곡,3,5399,1390,0,8,0.0
21,서울 종로구,경복궁 -> 창덕궁 -> 다이나믹메이즈 서울인사동점,3,3454,1105,0,9,0.0
22,서울 종로구,경복궁 -> 창덕궁 -> 백사실계곡,3,7842,1563,0,11,0.0
23,서울 종로구,경복궁 -> 창덕궁 -> 이화동 벽화마을,3,5221,1451,0,9,0.0
24,서울 종로구,경복궁 -> 북촌한옥마을 -> 창덕궁,3,3800,1005,0,6,0.0
25,서울 종로구,경복궁 -> 북촌한옥마을 -> 창경궁,3,5541,1338,0,6,0.0
26,서울 종로구,경복궁 -> 북촌한옥마을 -> 광화문,3,4657,1080,0,5,0.0
27,서울 종로구,경복궁 -> 북촌한옥마을 -> 광화문광장,3,4869,1274,0,6,0.0
28,서울 종로구,경복궁 -> 북촌한옥마을 -> 청계천,3,6251,1609,0,7,0.0
29,서울 종로구,경복궁 -> 북촌한옥마을 -> 종묘,3,4595,1167,0,4,0.0
30,서울 종로구,경복궁 -> 북촌한옥마을 -> 청와대 사랑채,3,4735,1047,0,6,0.0
31,서울 종로구,경복궁 -> 북촌한옥마을 -> 쌈지길,3,4922,1218,0,6,0.0
32,서울 종로구,경복궁 -> 북촌한옥마을 -> 흥인지문,3,6251,1476,0,4,0.0
33,서울 종로구,경복궁 -> 북촌한옥마을 -> 인왕산,3,8767,1704,0,7,0.0
34,서울 종로구,경복궁 -> 북촌한옥마을 -> 익선동한옥거리,3,4133,1142,0,5,0.0
35,서울 종로구,경복궁 -> 북촌한옥마을 -> 북악스카이웨이,3,8403,1553,0,7,0.0
36,서울 종로구,경복궁 -> 북촌한옥마을 -> 석파정,3,7380,1531,0,9,0.0
37,서울 종로구,경복궁 -> 북촌한옥마을 -> 경희궁,3,6007,1542,0,8,0.0
38,서울 종로구,경복궁 -> 북촌한옥마을 -> 인사동 문화의거리,3,3913,1086,0,4,0.0
39,서울 종로구,경복궁 -> 북촌한옥마을 -> 북한산둘레길 6구간평창마을길,3,9489,1773,0,9,0.0
40,서울 종로구,경복궁 -> 북촌한옥마을 -> 창덕궁 후원,3,3800,1005,0,6,0.0
41,서울 종로구,경복궁 -> 북촌한옥마을 -> 서촌한옥마을,3,5341,1170,0,8,0.0
42,서울 종로구,경복궁 -> 북촌한옥마을 -> 운현궁,3,3717,1094,0,4,0.0
43,서울 종로구,경복궁 -> 북촌한옥마을 -> 인왕산 수성동계곡,3,6040,1414,0,9,0.0
44,서울 종로구,경복궁 -> 북촌한옥마을 -> 다이나믹메이즈 서울인사동점,3,4222,1180,0,5,0.0
45,서울 종로구,경복궁 -> 북촌한옥마을 -> 백사실계곡,3,7808,1466,0,10,0.0
46,서울 종로구,경복궁 -> 북촌한옥마을 -> 이화동 벽화마을,3,5989,1521,0,5,0.0
47,서울 종로구,경복궁 -> 창경궁 -> 창덕궁,3,4461,806,0,6,0.0
48,서울 종로구,경복궁 -> 창경궁 -> 북촌한옥마을,3,7185,1404,0,9,0.0
49,서울 종로구,경복궁 -> 창경궁 -> 광화문,3,5599,1021,0,4,0.0
50,서울 종로구,경복궁 -> 창경궁 -> 광화문광장,3,5811,1218,0,5,0.0
51,서울 종로구,경복궁 -> 창경궁 -> 청계천,3,7193,1513,0,7,0.0
52,서울 종로구,경복궁 -> 창경궁 -> 종묘,3,5713,1079,0,6,0.0
53,서울 종로구,경복궁 -> 창경궁 -> 청와대 사랑채,3,6433,1239,0,8,0.0
54,서울 종로구,경복궁 -> 창경궁 -> 쌈지길,3,5542,1128,0,5,0.0
55,서울 종로구,경복궁 -> 창경궁 -> 흥인지문,3,5327,1084,0,4,0.0
56,서울 종로구,경복궁 -> 창경궁 -> 인왕산,3,9709,1644,0,6,0.0
57,서울 종로구,경복궁 -> 창경궁 -> 익선동한옥거리,3,5251,1054,0,7,0.0
58,서울 종로구,경복궁 -> 창경궁 -> 북악스카이웨이,3,10101,1748,0,9,0.0
59,서울 종로구,경복궁 -> 창경궁 -> 석파정,3,9300,1636,0,8,0.0
60,서울 종로구,경복궁 -> 창경궁 -> 경희궁,3,6949,1484,0,7,0.0
61,서울 종로구,경복궁 -> 창경궁 -> 인사동 문화의거리,3,5031,998,0,6,0.0
62,서울 종로구,경복궁 -> 창경궁 -> 북한산둘레길 6구간평창마을길,3,11409,1868,0,8,0.0
63,서울 종로구,경복궁 -> 창경궁 -> 서촌한옥마을,3,6346,1199,0,7,0.0
64,서울 종로구,경복궁 -> 창경궁 -> 운현궁,3,4835,1027,0,5,0.0
65,서울 종로구,경복궁 -> 창경궁 -> 인왕산 수성동계곡,3,7285,1419,0,6,0.0
66,서울 종로구,경복궁 -> 창경궁 -> 다이나믹메이즈 서울인사동점,3,5340,1138,0,7,0.0
67,서울 종로구,경복궁 -> 창경궁 -> 백사실계곡,3,9728,1643,0,9,0.0
68,서울 종로구,경복궁 -> 창경궁 -> 이화동 벽화마을,3,4843,1101,0,5,0.0
69,서울 종로구,경복궁 -> 광화문 -> 창덕궁,3,3457,1216,0,7,0.0
70,서울 종로구,경복궁 -> 광화문 -> 북촌한옥마을,3,4056,1118,0,6,0.0
71,서울 종로구,경복궁 -> 광화문 -> 창경궁,3,4170,1097,0,5,0.0
72,서울 종로구,경복궁 -> 광화문 -> 광화문광장,3,1836,760,0,4,0.0
73,서울 종로구,경복궁 -> 광화문 -> 청계천,3,3218,1087,0,5,0.0
74,서울 종로구,경복궁 -> 광화문 -> 종묘,3,3224,909,0,4,0.0
75,서울 종로구,경복궁 -> 광화문 -> 청와대 사랑채,3,2516,800,0,6,0.0
76,서울 종로구,경복궁 -> 광화문 -> 쌈지길,3,2331,829,0,4,0.0
77,서울 종로구,경복궁 -> 광화문 -> 흥인지문,3,5110,1326,0,5,0.0
78,서울 종로구,경복궁 -> 광화문 -> 인왕산,3,5240,1112,0,5,0.0
79,서울 종로구,경복궁 -> 광화문 -> 익선동한옥거리,3,3002,996,0,6,0.0
80,서울 종로구,경복궁 -> 광화문 -> 북악스카이웨이,3,5943,1163,0,7,0.0
81,서울 종로구,경복궁 -> 광화문 -> 석파정,3,4831,1090,0,7,0.0
82,서울 종로구,경복궁 -> 광화문 -> 경희궁,3,3114,882,0,7,0.0
83,서울 종로구,경복궁 -> 광화문 -> 인사동 문화의거리,3,2782,940,0,5,0.0
84,서울 종로구,경복궁 -> 광화문 -> 북한산둘레길 6구간평창마을길,3,6940,1322,0,7,0.0
85,서울 종로구,경복궁 -> 광화문 -> 창덕궁 후원,3,3457,1216,0,7,0.0
86,서울 종로구,경복궁 -> 광화문 -> 서촌한옥마을,3,1877,625,0,6,0.0
87,서울 종로구,경복궁 -> 광화문 -> 운현궁,3,2586,946,0,4,0.0
88,서울 종로구,경복궁 -> 광화문 -> 인왕산 수성동계곡,3,2816,835,0,5,0.0
89,서울 종로구,경복궁 -> 광화문 -> 다이나믹메이즈 서울인사동점,3,3091,1045,0,6,0.0
90,서울 종로구,경복궁 -> 광화문 -> 백사실계곡,3,5259,1026,0,8,0.0
91,서울 종로구,경복궁 -> 광화문 -> 이화동 벽화마을,3,4618,1289,0,4,0.0
92,서울 종로구,경복궁 -> 광화문광장 -> 창덕궁,3,3673,1229,0,9,0.0
93,서울 종로구,경복궁 -> 광화문광장 -> 북촌한옥마을,3,4448,1174,0,6,0.0
94,서울 종로구,경복궁 -> 광화문광장 -> 창경궁,3,4549,1159,0,7,0.0
95,서울 종로구,경복궁 -> 광화문광장 -> 광화문,3,2308,805,0,6,0.0
96,서울 종로구,경복궁 -> 광화문광장 -> 청계천,3,2142,649,0,2,0.0
97,서울 종로구,경복궁 -> 광화문광장 -> 종묘,3,3603,971,0,5,0.0
98,서울 종로구,경복궁 -> 광화문광장 -> 청와대 사랑채,3,3249,970,0,7,0.0
99,서울 종로구,경복궁 -> 광화문광장 -> 쌈지길,3,2710,891,0,5,0.0
100,서울 종로구,경복궁 -> 창덕궁 -> 북촌한옥마을 -> 창경궁,4,7860,2147,0,13,0.0
101,서울 종로구,경복궁 -> 창덕궁 -> 북촌한옥마을 -> 광화문,4,6976,1804,0,12,0.0
102,서울 종로구,경복궁 -> 창덕궁 -> 북촌한옥마을 -> 광화문광장,4,7188,1949,0,13,0.0
103,서울 종로구,경복궁 -> 창덕궁 -> 북촌한옥마을 -> 청계천,4,8570,2275,0,14,0.0
104,서울 종로구,경복궁 -> 창덕궁 -> 북촌한옥마을 -> 종묘,4,6914,1959,0,11,0.0
105,서울 종로구,경복궁 -> 창덕궁 -> 북촌한옥마을 -> 청와대 사랑채,4,7054,1787,0,13,0.0
106,서울 종로구,경복궁 -> 창덕궁 -> 북촌한옥마을 -> 쌈지길,4,7241,1942,0,13,0.0
107,서울 종로구,경복궁 -> 창덕궁 -> 북촌한옥마을 -> 흥인지문,4,8570,2297,0,11,0.0
108,서울 종로구,경복궁 -> 창덕궁 -> 북촌한옥마을 -> 인왕산,4,11086,2469,0,14,0.0
109,서울 종로구,경복궁 -> 창덕궁 -> 북촌한옥마을 -> 익선동한옥거리,4,6452,1936,0,12,0.0
110,서울 종로구,경복궁 -> 창덕궁 -> 북촌한옥마을 -> 북악스카이웨이,4,10722,2290,0,14,0.0
111,서울 종로구,경복궁 -> 창덕궁 -> 북촌한옥마을 -> 석파정,4,9699,2286,0,16,0.0
112,서울 종로구,경복궁 -> 창덕궁 -> 북촌한옥마을 -> 경희궁,4,8326,2186,0,15,0.0
113,서울 종로구,경복궁 -> 창덕궁 -> 북촌한옥마을 -> 인사동 문화의거리,4,6232,1881,0,11,0.0
114,서울 종로구,경복궁 -> 창덕궁 -> 북촌한옥마을 -> 북한산둘레길 6구간평창마을길,4,11808,2521,0,16,0.0
115,서울 종로구,경복궁 -> 창덕궁 -> 북촌한옥마을 -> 창덕궁 후원,4,6119,1740,0,13,0.0
116,서울 종로구,경복궁 -> 창덕궁 -> 북촌한옥마을 -> 서촌한옥마을,4,7660,1912,0,15,0.0
117,서울 종로구,경복궁 -> 창덕궁 -> 북촌한옥마을 -> 운현궁,4,6036,1887,0,11,0.0
118,서울 종로구,경복궁 -> 창덕궁 -> 북촌한옥마을 -> 인왕산 수성동계곡,4,8359,2156,0,16,0.0
119,서울 종로구,경복궁 -> 창덕궁 -> 북촌한옥마을 -> 다이나믹메이즈 서울인사동점,4,6541,1986,0,12,0.0
120,서울 종로구,경복궁 -> 창덕궁 -> 북촌한옥마을 -> 백사실계곡,4,10127,2218,0,17,0.0
121,서울 종로구,경복궁 -> 창덕궁 -> 북촌한옥마을 -> 이화동 벽화마을,4,8308,2339,0,12,0.0
122,서울 종로구,경복궁 -> 창덕궁 -> 창경궁 -> 북촌한옥마을,4,8864,2060,0,16,0.0
123,서울 종로구,경복궁 -> 창덕궁 -> 창경궁 -> 광화문,4,7278,1699,0,11,0.0
124,서울 종로구,경복궁 -> 창덕궁 -> 창경궁 -> 광화문광장,4,7490,1869,0,12,0.0
125,서울 종로구,경복궁 -> 창덕궁 -> 창경궁 -> 청계천,4,8872,2216,0,14,0.0
126,서울 종로구,경복궁 -> 창덕궁 -> 창경궁 -> 종묘,4,7392,1746,0,13,0.0
127,서울 종로구,경복궁 -> 창덕궁 -> 창경궁 -> 청와대 사랑채,4,8112,1897,0,15,0.0
128,서울 종로구,경복궁 -> 창덕궁 -> 창경궁 -> 쌈지길,4,7221,1804,0,12,0.0
129,서울 종로구,경복궁 -> 창덕궁 -> 창경궁 -> 흥인지문,4,7006,1765,0,11,0.0
130,서울 종로구,경복궁 -> 창덕궁 -> 창경궁 -> 인왕산,4,11388,2362,0,13,0.0
131,서울 종로구,경복궁 -> 창덕궁 -> 창경궁 -> 익선동한옥거리,4,6930,1723,0,14,0.0
132,서울 종로구,경복궁 -> 창덕궁 -> 창경궁 -> 북악스카이웨이,4,11780,2401,0,16,0.0
133,서울 종로구,경복궁 -> 창덕궁 -> 창경궁 -> 석파정,4,10979,2351,0,15,0.0
134,서울 종로구,경복궁 -> 창덕궁 -> 창경궁 -> 경희궁,4,8628,2104,0,14,0.0
135,서울 종로구,경복궁 -> 창덕궁 -> 창경궁 -> 인사동 문화의거리,4,6710,1667,0,13,0.0
136,서울 종로구,경복궁 -> 창덕궁 -> 창경궁 -> 북한산둘레길 6구간평창마을길,4,13088,2583,0,15,0.0
137,서울 종로구,경복궁 -> 창덕궁 -> 창경궁 -> 서촌한옥마을,4,8025,1873,0,14,0.0
138,서울 종로구,경복궁 -> 창덕궁 -> 창경궁 -> 운현궁,4,6514,1672,0,12,0.0
139,서울 종로구,경복궁 -> 창덕궁 -> 창경궁 -> 인왕산 수성동계곡,4,8964,2084,0,13,0.0
140,서울 종로구,경복궁 -> 창덕궁 -> 창경궁 -> 다이나믹메이즈 서울인사동점,4,7019,1774,0,14,0.0
141,서울 종로구,경복궁 -> 창덕궁 -> 창경궁 -> 백사실계곡,4,11407,2279,0,16,0.0
142,서울 종로구,경복궁 -> 창덕궁 -> 창경궁 -> 이화동 벽화마을,4,6522,1737,0,12,0.0
143,서울 종로구,경복궁 -> 창덕궁 -> 광화문 -> 북촌한옥마을,4,6637,1720,0,8,0.0
144,서울 종로구,경복궁 -> 창덕궁 -> 광화문 -> 창경궁,4,6751,1699,0,7,0.0
145,서울 종로구,경복궁 -> 창덕궁 -> 광화문 -> 광화문광장,4,4417,1362,0,6,0.0
146,서울 종로구,경복궁 -> 창덕궁 -> 광화문 -> 청계천,4,5799,1689,0,7,0.0
147,서울 종로구,경복궁 -> 창덕궁 -> 광화문 -> 종묘,4,5805,1511,0,6,0.0
148,서울 종로구,경복궁 -> 창덕궁 -> 광화문 -> 청와대 사랑채,4,5097,1402,0,8,0.0
149,서울 종로구,경복궁 -> 창덕궁 -> 광화문 -> 쌈지길,4,4912,1431,0,6,0.0
150,서울 종로구,경복궁 -> 창덕궁 -> 광화문 -> 흥인지문,4,7691,1928,0,7,0.0
151,서울 종로구,경복궁 -> 창덕궁 -> 광화문 -> 인왕산,4,7821,1714,0,7,0.0
152,서울 종로구,경복궁 -> 창덕궁 -> 광화문 -> 익선동한옥거리,4,5583,1598,0,8,0.0
153,서울 종로구,경복궁 -> 창덕궁 -> 광화문 -> 북악스카이웨이,4,8524,1765,0,9,0.0
154,서울 종로구,경복궁 -> 창덕궁 -> 광화문 -> 석파정,4,7412,1692,0,9,0.0
155,서울 종로구,경복궁 -> 창덕궁 -> 광화문 -> 경희궁,4,5695,1484,0,9,0.0
156,서울 종로구,경복궁 -> 창덕궁 -> 광화문 -> 인사동 문화의거리,4,5363,1542,0,7,0.0
157,서울 종로구,경복궁 -> 창덕궁 -> 광화문 -> 북한산둘레길 6구간평창마을길,4,9521,1924,0,9,0.0
158,서울 종로구,경복궁 -> 창덕궁 -> 광화문 -> 창덕궁 후원,4,6038,1818,0,9,0.0
159,서울 종로구,경복궁 -> 창덕궁 -> 광화문 -> 서촌한옥마을,4,4458,1227,0,8,0.0
160,서울 종로구,경복궁 -> 창덕궁 -> 광화문 -> 운현궁,4,5167,1548,0,6,0.0
161,서울 종로구,경복궁 -> 창덕궁 -> 광화문 -> 인왕산 수성동계곡,4,5397,1437,0,7,0.0
162,서울 종로구,경복궁 -> 창덕궁 -> 광화문 -> 다이나믹메이즈 서울인사동점,4,5672,1647,0,8,0.0
163,서울 종로구,경복궁 -> 창덕궁 -> 광화문 -> 백사실계곡,4,7840,1628,0,10,0.0
164,서울 종로구,경복궁 -> 창덕궁 -> 광화문 -> 이화동 벽화마을,4,7199,1891,0,6,0.0
165,서울 종로구,경복궁 -> 창덕궁 -> 광화문광장 -> 북촌한옥마을,4,7613,2077,0,11,0.0
166,서울 종로구,경복궁 -> 창덕궁 -> 광화문광장 -> 창경궁,4,7714,2062,0,12,0.0
167,서울 종로구,경복궁 -> 창덕궁 -> 광화문광장 -> 광화문,4,5473,1708,0,11,0.0
168,서울 종로구,경복궁 -> 창덕궁 -> 광화문광장 -> 청계천,4,5307,1552,0,7,0.0
169,서울 종로구,경복궁 -> 창덕궁 -> 광화문광장 -> 종묘,4,6768,1874,0,10,0.0
170,서울 종로구,경복궁 -> 창덕궁 -> 광화문광장 -> 청와대 사랑채,4,6414,1873,0,12,0.0
171,서울 종로구,경복궁 -> 창덕궁 -> 광화문광장 -> 쌈지길,4,5875,1794,0,10,0.0
172,서울 종로구,경복궁 -> 창덕궁 -> 광화문광장 -> 흥인지문,4,7516,1964,0,8,0.0
173,서울 종로구,경복궁 -> 창덕궁 -> 광화문광장 -> 인왕산,4,8717,2103,0,9,0.0
174,서울 종로구,경복궁 -> 창덕궁 -> 광화문광장 -> 익선동한옥거리,4,6546,1960,0,13,0.0
175,서울 종로구,경복궁 -> 창덕궁 -> 광화문광장 -> 북악스카이웨이,4,10470,2342,0,11,0.0
176,서울 종로구,경복궁 -> 창덕궁 -> 광화문광장 -> 석파정,4,8496,2199,0,13,0.0
177,서울 종로구,경복궁 -> 창덕궁 -> 광화문광장 -> 경희궁,4,5063,1455,0,8,0.0
178,서울 종로구,경복궁 -> 창덕궁 -> 광화문광장 -> 인사동 문화의거리,4,6326,1905,0,12,0.0
179,서울 종로구,경복궁 -> 창덕궁 -> 광화문광장 -> 북한산둘레길 6구간평창마을길,4,10605,2430,0,13,0.0
180,서울 종로구,경복궁 -> 창덕궁 -> 광화문광장 -> 창덕궁 후원,4,6838,2129,0,14,0.0
181,서울 종로구,경복궁 -> 창덕궁 -> 광화문광장 -> 서촌한옥마을,4,5542,1722,0,12,0.0
182,서울 종로구,경복궁 -> 창덕궁 -> 광화문광장 -> 운현궁,4,6130,1911,0,11,0.0
183,서울 종로구,경복궁 -> 창덕궁 -> 광화문광장 -> 인왕산 수성동계곡,4,6481,1931,0,11,0.0
184,서울 종로구,경복궁 -> 창덕궁 -> 광화문광장 -> 다이나믹메이즈 서울인사동점,4,6187,2027,0,11,0.0
185,서울 종로구,경복궁 -> 창덕궁 -> 광화문광장 -> 백사실계곡,4,9274,2033,0,15,0.0
186,서울 종로구,경복궁 -> 창덕궁 -> 광화문광장 -> 이화동 벽화마을,4,8471,2116,0,12,0.0
187,서울 종로구,경복궁 -> 창덕궁 -> 청계천 -> 북촌한옥마을,4,8801,2304,0,12,0.0
188,서울 종로구,경복궁 -> 창덕궁 -> 청계천 -> 창경궁,4,8842,2137,0,12,0.0
189,서울 종로구,경복궁 -> 창덕궁 -> 청계천 -> 광화문,4,6665,1960,0,12,0.0
190,서울 종로구,경복궁 -> 창덕궁 -> 청계천 -> 광화문광장,4,6877,1904,0,11,0.0
191,서울 종로구,경복궁 -> 창덕궁 -> 청계천 -> 종묘,4,7896,1949,0,10,0.0
192,서울 종로구,경복궁 -> 창덕궁 -> 청계천 -> 청와대 사랑채,4,8049,2143,0,11,0.0
193,서울 종로구,경복궁 -> 창덕궁 -> 청계천 -> 쌈지길,4,7003,1875,0,9,0.0
194,서울 종로구,경복궁 -> 창덕궁 -> 청계천 -> 흥인지문,4,8519,2037,0,10,0.0
195,서울 종로구,경복궁 -> 창덕궁 -> 청계천 -> 인왕산,4,10591,2443,0,12,0.0
196,서울 종로구,경복궁 -> 창덕궁 -> 청계천 -> 익선동한옥거리,4,7035,1960,0,11,0.0
197,서울 종로구,경복궁 -> 창덕궁 -> 청계천 -> 북악스카이웨이,4,11478,2683,0,16,0.0
198,서울 종로구,경복궁 -> 창덕궁 -> 청계천 -> 석파정,4,10366,2615,0,16,0.0
199,부산 해운대구,해운대해수욕장 -> 해운대블루라인파크 미포정거장 -> 송정해수욕장,3,7168,1273,0,11,0.0
200,부산 해운대구,해운대해수욕장 -> 해운대블루라인파크 미포정거장 -> 동백섬,3,4901,1074,0,10,0.0
201,부산 해운대구,해운대해수욕장 -> 해운대블루라인파크 미포정거장 -> 해운대블루라인파크 청사포정거장,3,4670,940,0,8,0.0
202,부산 해운대구,해운대해수욕장 -> 해운대블루라인파크 미포정거장 -> 청사포다릿돌전망대,3,4960,998,0,8,0.0
203,부산 해운대구,해운대해수욕장 -> 해운대블루라인파크 미포정거장 -> 부산엑스더스카이,3,2076,456,0,5,0.0
204,부산 해운대구,해운대해수욕장 -> 해운대블루라인파크 미포정거장 -> 해운대블루라인파크 송정정거장,3,6307,1102,0,10,0.0
205,부산 해운대구,해운대해수욕장 -> 해운대블루라인파크 미포정거장 -> 클럽디오아시스,3,2735,749,0,10,0.0
206,부산 해운대구,해운대해수욕장 -> 해운대블루라인파크 미포정거장 -> 해리단길,3,4436,1094,0,8,0.0
207,부산 해운대구,해운대해수욕장 -> 해운대블루라인파크 미포정거장 -> 해운대수목원,3,16113,2997,0,14,0.0
208,부산 해운대구,해운대해수욕장 -> 해운대블루라인파크 미포정거장 -> 해운대달맞이길,3,3808,798,0,7,0.0
209,부산 해운대구,해운대해수욕장 -> 해운대블루라인파크 미포정거장 -> 해운대 영화의거리,3,5474,1216,0,10,0.0
210,부산 해운대구,해운대해수욕장 -> 해운대블루라인파크 미포정거장 -> 해파랑길 2코스,3,7152,1317,0,8,0.0
211,부산 해운대구,해운대해수욕장 -> 해운대블루라인파크 미포정거장 -> 해운대블루라인파크 스카이캡슐,3,4723,941,0,9,0.0
212,부산 해운대구,해운대해수욕장 -> 해운대블루라인파크 미포정거장 -> 문탠로드,3,2898,623,0,7,0.0
213,부산 해운대구,해운대해수욕장 -> 해운대블루라인파크 미포정거장 -> 청사포몽돌해변,3,4942,998,0,8,0.0
214,부산 해운대구,해운대해수욕장 -> 해운대블루라인파크 미포정거장 -> 동백섬 누리마루전망대,3,4901,1074,0,10,0.0
215,부산 해운대구,해운대해수욕장 -> 해운대블루라인파크 미포정거장 -> 해운대 이벤트광장,3,3949,928,0,12,0.0
216,부산 해운대구,해운대해수욕장 -> 해운대블루라인파크 미포정거장 -> 해월정,3,3434,694,0,7,0.0
217,부산 해운대구,해운대해수욕장 -> 해운대블루라인파크 미포정거장 -> 해월전망대,3,3471,699,0,7,0.0
218,부산 해운대구,해운대해수욕장 -> 해운대블루라인파크 미포정거장 -> 갈맷길 2코스1구간,3,3831,897,0,8,0.0
219,부산 해운대구,해운대해수욕장 -> 해운대블루라인파크 미포정거장 -> 할매탕,3,3015,743,0,10,0.0
220,부산 해운대구,해운대해수욕장 -> 해운대블루라인파크 미포정거장 -> 해운대블루라인파크 구덕포 간이역,3,7632,1304,0,12,0.0
221,부산 해운대구,해운대해수욕장 -> 송정해수욕장 -> 해운대블루라인파크 미포정거장,3,12402,2036,0,11,0.0
222,부산 해운대구,해운대해수욕장 -> 송정해수욕장 -> 동백섬,3,12683,2318,0,10,0.0
223,부산 해운대구,해운대해수욕장 -> 송정해수욕장 -> 해운대블루라인파크 청사포정거장,3,10493,1687,0,7,0.0
224,부산 해운대구,해운대해수욕장 -> 송정해수욕장 -> 청사포다릿돌전망대,3,10783,1745,0,7,0.0
225,부산 해운대구,해운대해수욕장 -> 송정해수욕장 -> 부산엑스더스카이,3,12100,1957,0,10,0.0
226,부산 해운대구,해운대해수욕장 -> 송정해수욕장 -> 해운대블루라인파크 송정정거장,3,6139,1086,0,7,0.0
227,부산 해운대구,해운대해수욕장 -> 송정해수욕장 -> 클럽디오아시스,3,12213,1978,0,10,0.0
228,부산 해운대구,해운대해수욕장 -> 송정해수욕장 -> 해리단길,3,11588,2059,0,7,0.0
229,부산 해운대구,해운대해수욕장 -> 송정해수욕장 -> 해운대수목원,3,23661,3554,0,13,0.0
230,부산 해운대구,해운대해수욕장 -> 송정해수욕장 -> 해운대달맞이길,3,9413,1484,0,6,0.0
231,부산 해운대구,해운대해수욕장 -> 송정해수욕장 -> 해운대 영화의거리,3,16016,2443,0,8,0.0
232,부산 해운대구,해운대해수욕장 -> 송정해수욕장 -> 해파랑길 2코스,3,6292,1101,0,4,0.0
233,부산 해운대구,해운대해수욕장 -> 송정해수욕장 -> 해운대블루라인파크 스카이캡슐,3,10546,1688,0,8,0.0
234,부산 해운대구,해운대해수욕장 -> 송정해수욕장 -> 문탠로드,3,10955,1678,0,6,0.0
235,부산 해운대구,해운대해수욕장 -> 송정해수욕장 -> 청사포몽돌해변,3,10765,1745,0,7,0.0
236,부산 해운대구,해운대해수욕장 -> 송정해수욕장 -> 동백섬 누리마루전망대,3,12683,2317,0,10,0.0
237,부산 해운대구,해운대해수욕장 -> 송정해수욕장 -> 해운대 이벤트광장,3,11731,2172,0,12,0.0
238,부산 해운대구,해운대해수욕장 -> 송정해수욕장 -> 해월정,3,10419,1610,0,6,0.0
239,부산 해운대구,해운대해수욕장 -> 송정해수욕장 -> 해월전망대,3,10383,1606,0,6,0.0
240,부산 해운대구,해운대해수욕장 -> 송정해수욕장 -> 갈맷길 2코스1구간,3,11613,2143,0,8,0.0
241,부산 해운대구,해운대해수욕장 -> 송정해수욕장 -> 할매탕,3,10797,1982,0,10,0.0
242,부산 해운대구,해운대해수욕장 -> 송정해수욕장 -> 해운대블루라인파크 구덕포 간이역,3,6785,1143,0,4,0.0
243,부산 해운대구,해운대해수욕장 -> 동백섬 -> 해운대블루라인파크 미포정거장,3,5797,1165,0,9,0.0
244,부산 해운대구,해운대해수욕장 -> 동백섬 -> 송정해수욕장,3,9658,1716,0,8,0.0
245,부산 해운대구,해운대해수욕장 -> 동백섬 -> 해운대블루라인파크 청사포정거장,3,7726,1473,0,7,0.0
246,부산 해운대구,해운대해수욕장 -> 동백섬 -> 청사포다릿돌전망대,3,8016,1531,0,7,0.0
247,부산 해운대구,해운대해수욕장 -> 동백섬 -> 부산엑스더스카이,3,5495,1089,0,8,0.0
248,부산 해운대구,해운대해수욕장 -> 동백섬 -> 해운대블루라인파크 송정정거장,3,8797,1542,0,7,0.0
249,부산 해운대구,해운대해수욕장 -> 동백섬 -> 클럽디오아시스,3,4919,994,0,4,0.0
250,부산 해운대구,해운대해수욕장 -> 동백섬 -> 해리단길,3,4631,1066,0,5,0.0
251,부산 해운대구,해운대해수욕장 -> 동백섬 -> 해운대수목원,3,15365,2771,0,10,0.0
252,부산 해운대구,해운대해수욕장 -> 동백섬 -> 해운대달맞이길,3,6864,1330,0,6,0.0
253,부산 해운대구,해운대해수욕장 -> 동백섬 -> 해운대 영화의거리,3,4726,1042,0,6,0.0
254,부산 해운대구,해운대해수욕장 -> 동백섬 -> 해파랑길 2코스,3,9642,1758,0,5,0.0
255,부산 해운대구,해운대해수욕장 -> 동백섬 -> 해운대블루라인파크 스카이캡슐,3,7779,1474,0,8,0.0
256,부산 해운대구,해운대해수욕장 -> 동백섬 -> 문탠로드,3,5974,1165,0,5,0.0
257,부산 해운대구,해운대해수욕장 -> 동백섬 -> 청사포몽돌해변,3,7998,1531,0,7,0.0
258,부산 해운대구,해운대해수욕장 -> 동백섬 -> 해운대 이벤트광장,3,4358,847,0,5,0.0
259,부산 해운대구,해운대해수욕장 -> 동백섬 -> 해월정,3,6510,1236,0,5,0.0
260,부산 해운대구,해운대해수욕장 -> 동백섬 -> 해월전망대,3,6547,1241,0,5,0.0
261,부산 해운대구,해운대해수욕장 -> 동백섬 -> 갈맷길 2코스1구간,3,4916,953,0,4,0.0
262,부산 해운대구,해운대해수욕장 -> 동백섬 -> 할매탕,3,4864,965,0,6,0.0
263,부산 해운대구,해운대해수욕장 -> 동백섬 -> 해운대블루라인파크 구덕포 간이역,3,10122,1745,0,9,0.0
264,부산 해운대구,해운대해수욕장 -> 해운대블루라인파크 청사포정거장 -> 해운대블루라인파크 미포정거장,3,6839,1416,0,10,0.0
265,부산 해운대구,해운대해수욕장 -> 해운대블루라인파크 청사포정거장 -> 송정해수욕장,3,8398,1395,0,6,0.0
266,부산 해운대구,해운대해수욕장 -> 해운대블루라인파크 청사포정거장 -> 동백섬,3,9075,1756,0,6,0.0
267,부산 해운대구,해운대해수욕장 -> 해운대블루라인파크 청사포정거장 -> 청사포다릿돌전망대,3,4153,823,0,3,0.0
268,부산 해운대구,해운대해수욕장 -> 해운대블루라인파크 청사포정거장 -> 부산엑스더스카이,3,6537,1339,0,9,0.0
269,부산 해운대구,해운대해수욕장 -> 해운대블루라인파크 청사포정거장 -> 해운대블루라인파크 송정정거장,3,7537,1224,0,5,0.0
270,부산 해운대구,해운대해수욕장 -> 해운대블루라인파크 청사포정거장 -> 클럽디오아시스,3,6650,1352,0,9,0.0
271,부산 해운대구,해운대해수욕장 -> 해운대블루라인파크 청사포정거장 -> 해리단길,3,8282,1582,0,5,0.0
272,부산 해운대구,해운대해수욕장 -> 해운대블루라인파크 청사포정거장 -> 해운대수목원,3,21687,3485,0,12,0.0
273,부산 해운대구,해운대해수욕장 -> 해운대블루라인파크 청사포정거장 -> 해운대달맞이길,3,4679,899,0,3,0.0
274,부산 해운대구,해운대해수욕장 -> 해운대블루라인파크 청사포정거장 -> 해운대 영화의거리,3,9648,1896,0,6,0.0
275,부산 해운대구,해운대해수욕장 -> 해운대블루라인파크 청사포정거장 -> 해파랑길 2코스,3,8382,1441,0,3,0.0
276,부산 해운대구,해운대해수욕장 -> 해운대블루라인파크 청사포정거장 -> 해운대블루라인파크 스카이캡슐,3,3832,744,0,4,0.0
277,부산 해운대구,해운대해수욕장 -> 해운대블루라인파크 청사포정거장 -> 문탠로드,3,6159,1088,0,4,0.0
278,부산 해운대구,해운대해수욕장 -> 해운대블루라인파크 청사포정거장 -> 청사포몽돌해변,3,4051,801,0,3,0.0
279,부산 해운대구,해운대해수욕장 -> 해운대블루라인파크 청사포정거장 -> 동백섬 누리마루전망대,3,9075,1758,0,6,0.0
280,부산 해운대구,해운대해수욕장 -> 해운대블루라인파크 청사포정거장 -> 해운대 이벤트광장,3,8123,1606,0,8,0.0
281,부산 해운대구,해운대해수욕장 -> 해운대블루라인파크 청사포정거장 -> 해월정,3,5623,1022,0,4,0.0
282,부산 해운대구,해운대해수욕장 -> 해운대블루라인파크 청사포정거장 -> 해월전망대,3,5587,1018,0,4,0.0
283,부산 해운대구,해운대해수욕장 -> 해운대블루라인파크 청사포정거장 -> 갈맷길 2코스1구간,3,8005,1577,0,4,0.0
284,부산 해운대구,해운대해수욕장 -> 해운대블루라인파크 청사포정거장 -> 할매탕,3,7189,1419,0,6,0.0
285,부산 해운대구,해운대해수욕장 -> 해운대블루라인파크 청사포정거장 -> 해운대블루라인파크 구덕포 간이역,3,8862,1427,0,7,0.0
286,부산 해운대구,해운대해수욕장 -> 청사포다릿돌전망대 -> 해운대블루라인파크 미포정거장,3,7419,1536,0,10,0.0
287,부산 해운대구,해운대해수욕장 -> 청사포다릿돌전망대 -> 송정해수욕장,3,8978,1517,0,6,0.0
288,부산 해운대구,해운대해수욕장 -> 청사포다릿돌전망대 -> 동백섬,3,9655,1875,0,6,0.0
289,부산 해운대구,해운대해수욕장 -> 청사포다릿돌전망대 -> 해운대블루라인파크 청사포정거장,3,4443,885,0,3,0.0
290,부산 해운대구,해운대해수욕장 -> 청사포다릿돌전망대 -> 부산엑스더스카이,3,7117,1459,0,9,0.0
291,부산 해운대구,해운대해수욕장 -> 청사포다릿돌전망대 -> 해운대블루라인파크 송정정거장,3,8117,1345,0,5,0.0
292,부산 해운대구,해운대해수욕장 -> 청사포다릿돌전망대 -> 클럽디오아시스,3,7230,1473,0,9,0.0
293,부산 해운대구,해운대해수욕장 -> 청사포다릿돌전망대 -> 해리단길,3,8862,1705,0,5,0.0
294,부산 해운대구,해운대해수욕장 -> 해운대블루라인파크 미포정거장 -> 송정해수욕장 -> 동백섬,4,14296,2668,0,17,0.0
295,부산 해운대구,해운대해수욕장 -> 해운대블루라인파크 미포정거장 -> 송정해수욕장 -> 해운대블루라인파크 청사포정거장,4,12106,2037,0,14,0.0
296,부산 해운대구,해운대해수욕장 -> 해운대블루라인파크 미포정거장 -> 송정해수욕장 -> 청사포다릿돌전망대,4,12396,2095,0,14,0.0
297,부산 해운대구,해운대해수욕장 -> 해운대블루라인파크 미포정거장 -> 송정해수욕장 -> 부산엑스더스카이,4,13713,2306,0,17,0.0
298,부산 해운대구,해운대해수욕장 -> 해운대블루라인파크 미포정거장 -> 송정해수욕장 -> 해운대블루라인파크 송정정거장,4,7752,1436,0,14,0.0
299,부산 해운대구,해운대해수욕장 -> 해운대블루라인파크 미포정거장 -> 송정해수욕장 -> 클럽디오아시스,4,12743,2419,0,18,0.0
300,부산 해운대구,해운대해수욕장 -> 해운대블루라인파크 미포정거장 -> 송정해수욕장 -> 해리단길,4,13201,2410,0,14,0.0
301,부산 해운대구,해운대해수욕장 -> 해운대블루라인파크 미포정거장 -> 송정해수욕장 -> 해운대수목원,4,25274,3904,0,20,0.0
302,부산 해운대구,해운대해수욕장 -> 해운대블루라인파크 미포정거장 -> 송정해수욕장 -> 해운대달맞이길,4,11026,1835,0,13,0.0
303,부산 해운대구,해운대해수욕장 -> 해운대블루라인파크 미포정거장 -> 송정해수욕장 -> 해운대 영화의거리,4,17455,2676,0,15,0.0
304,부산 해운대구,해운대해수욕장 -> 해운대블루라인파크 미포정거장 -> 송정해수욕장 -> 해파랑길 2코스,4,7905,1452,0,11,0.0
305,부산 해운대구,해운대해수욕장 -> 해운대블루라인파크 미포정거장 -> 송정해수욕장 -> 해운대블루라인파크 스카이캡슐,4,12159,2039,0,15,0.0
306,부산 해운대구,해운대해수욕장 -> 해운대블루라인파크 미포정거장 -> 송정해수욕장 -> 문탠로드,4,12568,2029,0,13,0.0
307,부산 해운대구,해운대해수욕장 -> 해운대블루라인파크 미포정거장 -> 송정해수욕장 -> 청사포몽돌해변,4,12378,2096,0,14,0.0
308,부산 해운대구,해운대해수욕장 -> 해운대블루라인파크 미포정거장 -> 송정해수욕장 -> 동백섬 누리마루전망대,4,14296,2669,0,17,0.0
309,부산 해운대구,해운대해수욕장 -> 해운대블루라인파크 미포정거장 -> 송정해수욕장 -> 해운대 이벤트광장,4,13344,2524,0,19,0.0
310,부산 해운대구,해운대해수욕장 -> 해운대블루라인파크 미포정거장 -> 송정해수욕장 -> 해월정,4,12032,1962,0,13,0.0
311,부산 해운대구,해운대해수욕장 -> 해운대블루라인파크 미포정거장 -> 송정해수욕장 -> 해월전망대,4,11996,1958,0,13,0.0
312,부산 해운대구,해운대해수욕장 -> 해운대블루라인파크 미포정거장 -> 송정해수욕장 -> 갈맷길 2코스1구간,4,13226,2496,0,15,0.0
313,부산 해운대구,해운대해수욕장 -> 해운대블루라인파크 미포정거장 -> 송정해수욕장 -> 할매탕,4,12410,2334,0,17,0.0
314,부산 해운대구,해운대해수욕장 -> 해운대블루라인파크 미포정거장 -> 송정해수욕장 -> 해운대블루라인파크 구덕포 간이역,4,8398,1495,0,11,0.0
315,부산 해운대구,해운대해수욕장 -> 해운대블루라인파크 미포정거장 -> 동백섬 -> 송정해수욕장,4,11800,2205,0,15,0.0
316,부산 해운대구,해운대해수욕장 -> 해운대블루라인파크 미포정거장 -> 동백섬 -> 해운대블루라인파크 청사포정거장,4,9868,1963,0,14,0.0
317,부산 해운대구,해운대해수욕장 -> 해운대블루라인파크 미포정거장 -> 동백섬 -> 청사포다릿돌전망대,4,10158,2021,0,14,0.0
318,부산 해운대구,해운대해수욕장 -> 해운대블루라인파크 미포정거장 -> 동백섬 -> 부산엑스더스카이,4,7637,1579,0,15,0.0
319,부산 해운대구,해운대해수욕장 -> 해운대블루라인파크 미포정거장 -> 동백섬 -> 해운대블루라인파크 송정정거장,4,10939,2032,0,14,0.0
320,부산 해운대구,해운대해수욕장 -> 해운대블루라인파크 미포정거장 -> 동백섬 -> 클럽디오아시스,4,7061,1485,0,11,0.0
321,부산 해운대구,해운대해수욕장 -> 해운대블루라인파크 미포정거장 -> 동백섬 -> 해리단길,4,6773,1558,0,12,0.0
322,부산 해운대구,해운대해수욕장 -> 해운대블루라인파크 미포정거장 -> 동백섬 -> 해운대수목원,4,17507,3262,0,17,0.0
323,부산 해운대구,해운대해수욕장 -> 해운대블루라인파크 미포정거장 -> 동백섬 -> 해운대달맞이길,4,9006,1820,0,13,0.0
324,부산 해운대구,해운대해수욕장 -> 해운대블루라인파크 미포정거장 -> 동백섬 -> 해운대 영화의거리,4,6868,1534,0,13,0.0
325,부산 해운대구,해운대해수욕장 -> 해운대블루라인파크 미포정거장 -> 동백섬 -> 해파랑길 2코스,4,11784,2250,0,12,0.0
326,부산 해운대구,해운대해수욕장 -> 해운대블루라인파크 미포정거장 -> 동백섬 -> 해운대블루라인파크 스카이캡슐,4,9921,1964,0,15,0.0
327,부산 해운대구,해운대해수욕장 -> 해운대블루라인파크 미포정거장 -> 동백섬 -> 문탠로드,4,8116,1655,0,12,0.0
328,부산 해운대구,해운대해수욕장 -> 해운대블루라인파크 미포정거장 -> 동백섬 -> 청사포몽돌해변,4,10140,2022,0,14,0.0
329,부산 해운대구,해운대해수욕장 -> 해운대블루라인파크 미포정거장 -> 동백섬 -> 해운대 이벤트광장,4,6500,1337,0,12,0.0
330,부산 해운대구,해운대해수욕장 -> 해운대블루라인파크 미포정거장 -> 동백섬 -> 해월정,4,8652,1725,0,12,0.0
331,부산 해운대구,해운대해수욕장 -> 해운대블루라인파크 미포정거장 -> 동백섬 -> 해월전망대,4,8689,1730,0,12,0.0
332,부산 해운대구,해운대해수욕장 -> 해운대블루라인파크 미포정거장 -> 동백섬 -> 갈맷길 2코스1구간,4,7058,1443,0,11,0.0
333,부산 해운대구,해운대해수욕장 -> 해운대블루라인파크 미포정거장 -> 동백섬 -> 할매탕,4,7006,1455,0,13,0.0
334,부산 해운대구,해운대해수욕장 -> 해운대블루라인파크 미포정거장 -> 동백섬 -> 해운대블루라인파크 구덕포 간이역,4,12264,2232,0,16,0.0
335,부산 해운대구,해운대해수욕장 -> 해운대블루라인파크 미포정거장 -> 해운대블루라인파크 청사포정거장 -> 송정해수욕장,4,9445,1649,0,11,0.0
336,부산 해운대구,해운대해수욕장 -> 해운대블루라인파크 미포정거장 -> 해운대블루라인파크 청사포정거장 -> 동백섬,4,9938,1997,0,13,0.0
337,부산 해운대구,해운대해수욕장 -> 해운대블루라인파크 미포정거장 -> 해운대블루라인파크 청사포정거장 -> 청사포다릿돌전망대,4,5200,1075,0,8,0.0
338,부산 해운대구,해운대해수욕장 -> 해운대블루라인파크 미포정거장 -> 해운대블루라인파크 청사포정거장 -> 부산엑스더스카이,4,7584,1591,0,14,0.0
339,부산 해운대구,해운대해수욕장 -> 해운대블루라인파크 미포정거장 -> 해운대블루라인파크 청사포정거장 -> 해운대블루라인파크 송정정거장,4,8584,1477,0,10,0.0
340,부산 해운대구,해운대해수욕장 -> 해운대블루라인파크 미포정거장 -> 해운대블루라인파크 청사포정거장 -> 클럽디오아시스,4,7697,1604,0,14,0.0
341,부산 해운대구,해운대해수욕장 -> 해운대블루라인파크 미포정거장 -> 해운대블루라인파크 청사포정거장 -> 해리단길,4,9329,1837,0,10,0.0
342,부산 해운대구,해운대해수욕장 -> 해운대블루라인파크 미포정거장 -> 해운대블루라인파크 청사포정거장 -> 해운대수목원,4,22734,3740,0,17,0.0
343,부산 해운대구,해운대해수욕장 -> 해운대블루라인파크 미포정거장 -> 해운대블루라인파크 청사포정거장 -> 해운대달맞이길,4,5726,1150,0,8,0.0
344,부산 해운대구,해운대해수욕장 -> 해운대블루라인파크 미포정거장 -> 해운대블루라인파크 청사포정거장 -> 해운대 영화의거리,4,10511,2135,0,13,0.0
345,부산 해운대구,해운대해수욕장 -> 해운대블루라인파크 미포정거장 -> 해운대블루라인파크 청사포정거장 -> 해파랑길 2코스,4,9429,1693,0,8,0.0
346,부산 해운대구,해운대해수욕장 -> 해운대블루라인파크 미포정거장 -> 해운대블루라인파크 청사포정거장 -> 해운대블루라인파크 스카이캡슐,4,4879,995,0,9,0.0
347,부산 해운대구,해운대해수욕장 -> 해운대블루라인파크 미포정거장 -> 해운대블루라인파크 청사포정거장 -> 문탠로드,4,7206,1340,0,9,0.0
348,부산 해운대구,해운대해수욕장 -> 해운대블루라인파크 미포정거장 -> 해운대블루라인파크 청사포정거장 -> 청사포몽돌해변,4,5098,1052,0,8,0.0
349,부산 해운대구,해운대해수욕장 -> 해운대블루라인파크 미포정거장 -> 해운대블루라인파크 청사포정거장 -> 동백섬 누리마루전망대,4,9938,1997,0,13,0.0
350,부산 해운대구,해운대해수욕장 -> 해운대블루라인파크 미포정거장 -> 해운대블루라인파크 청사포정거장 -> 해운대 이벤트광장,4,8986,1845,0,15,0.0
351,부산 해운대구,해운대해수욕장 -> 해운대블루라인파크 미포정거장 -> 해운대블루라인파크 청사포정거장 -> 해월정,4,6670,1274,0,9,0.0
352,부산 해운대구,해운대해수욕장 -> 해운대블루라인파크 미포정거장 -> 해운대블루라인파크 청사포정거장 -> 해월전망대,4,6634,1270,0,9,0.0
353,부산 해운대구,해운대해수욕장 -> 해운대블루라인파크 미포정거장 -> 해운대블루라인파크 청사포정거장 -> 갈맷길 2코스1구간,4,8868,1816,0,11,0.0
354,부산 해운대구,해운대해수욕장 -> 해운대블루라인파크 미포정거장 -> 해운대블루라인파크 청사포정거장 -> 할매탕,4,8052,1657,0,13,0.0
355,부산 해운대구,해운대해수욕장 -> 해운대블루라인파크 미포정거장 -> 해운대블루라인파크 청사포정거장 -> 해운대블루라인파크 구덕포 간이역,4,9909,1679,0,12,0.0
356,부산 해운대구,해운대해수욕장 -> 해운대블루라인파크 미포정거장 -> 청사포다릿돌전망대 -> 송정해수욕장,4,10025,1769,0,11,0.0
357,부산 해운대구,해운대해수욕장 -> 해운대블루라인파크 미포정거장 -> 청사포다릿돌전망대 -> 동백섬,4,10518,2114,0,13,0.0
358,부산 해운대구,해운대해수욕장 -> 해운대블루라인파크 미포정거장 -> 청사포다릿돌전망대 -> 해운대블루라인파크 청사포정거장,4,5490,1136,0,8,0.0
359,부산 해운대구,해운대해수욕장 -> 해운대블루라인파크 미포정거장 -> 청사포다릿돌전망대 -> 부산엑스더스카이,4,8164,1708,0,14,0.0
360,부산 해운대구,해운대해수욕장 -> 해운대블루라인파크 미포정거장 -> 청사포다릿돌전망대 -> 해운대블루라인파크 송정정거장,4,9164,1597,0,10,0.0
361,부산 해운대구,해운대해수욕장 -> 해운대블루라인파크 미포정거장 -> 청사포다릿돌전망대 -> 클럽디오아시스,4,8277,1723,0,14,0.0
362,부산 해운대구,해운대해수욕장 -> 해운대블루라인파크 미포정거장 -> 청사포다릿돌전망대 -> 해리단길,4,9909,1959,0,10,0.0
363,부산 해운대구,해운대해수욕장 -> 해운대블루라인파크 미포정거장 -> 청사포다릿돌전망대 -> 해운대수목원,4,23314,3857,0,17,0.0
364,부산 해운대구,해운대해수욕장 -> 해운대블루라인파크 미포정거장 -> 청사포다릿돌전망대 -> 해운대달맞이길,4,6306,1269,0,8,0.0
365,부산 해운대구,해운대해수욕장 -> 해운대블루라인파크 미포정거장 -> 청사포다릿돌전망대 -> 해운대 영화의거리,4,11091,2253,0,13,0.0
366,부산 해운대구,해운대해수욕장 -> 해운대블루라인파크 미포정거장 -> 청사포다릿돌전망대 -> 해파랑길 2코스,4,10009,1813,0,8,0.0
367,부산 해운대구,해운대해수욕장 -> 해운대블루라인파크 미포정거장 -> 청사포다릿돌전망대 -> 해운대블루라인파크 스카이캡슐,4,5543,1137,0,8,0.0
368,부산 해운대구,해운대해수욕장 -> 해운대블루라인파크 미포정거장 -> 청사포다릿돌전망대 -> 문탠로드,4,7786,1459,0,9,0.0
369,부산 해운대구,해운대해수욕장 -> 해운대블루라인파크 미포정거장 -> 청사포다릿돌전망대 -> 청사포몽돌해변,4,5762,1194,0,8,0.0
370,부산 해운대구,해운대해수욕장 -> 해운대블루라인파크 미포정거장 -> 청사포다릿돌전망대 -> 동백섬 누리마루전망대,4,10518,2115,0,13,0.0
371,부산 해운대구,해운대해수욕장 -> 해운대블루라인파크 미포정거장 -> 청사포다릿돌전망대 -> 해운대 이벤트광장,4,9566,1963,0,15,0.0
372,부산 해운대구,해운대해수욕장 -> 해운대블루라인파크 미포정거장 -> 청사포다릿돌전망대 -> 해월정,4,7250,1393,0,9,0.0
373,부산 해운대구,해운대해수욕장 -> 해운대블루라인파크 미포정거장 -> 청사포다릿돌전망대 -> 해월전망대,4,7214,1389,0,9,0.0
374,부산 해운대구,해운대해수욕장 -> 해운대블루라인파크 미포정거장 -> 청사포다릿돌전망대 -> 갈맷길 2코스1구간,4,9448,1935,0,11,0.0
375,부산 해운대구,해운대해수욕장 -> 해운대블루라인파크 미포정거장 -> 청사포다릿돌전망대 -> 할매탕,4,8632,1776,0,13,0.0
376,부산 해운대구,해운대해수욕장 -> 해운대블루라인파크 미포정거장 -> 청사포다릿돌전망대 -> 해운대블루라인파크 구덕포 간이역,4,10489,1798,0,12,0.0
377,부산 해운대구,해운대해수욕장 -> 해운대블루라인파크 미포정거장 -> 부산엑스더스카이 -> 송정해수욕장,4,7248,1291,0,10,0.0
378,부산 해운대구,해운대해수욕장 -> 해운대블루라인파크 미포정거장 -> 부산엑스더스카이 -> 동백섬,4,4981,1092,0,9,0.0
379,부산 해운대구,해운대해수욕장 -> 해운대블루라인파크 미포정거장 -> 부산엑스더스카이 -> 해운대블루라인파크 청사포정거장,4,4750,958,0,7,0.0
380,부산 해운대구,해운대해수욕장 -> 해운대블루라인파크 미포정거장 -> 부산엑스더스카이 -> 청사포다릿돌전망대,4,5040,1016,0,7,0.0
381,부산 해운대구,해운대해수욕장 -> 해운대블루라인파크 미포정거장 -> 부산엑스더스카이 -> 해운대블루라인파크 송정정거장,4,6387,1120,0,9,0.0
382,부산 해운대구,해운대해수욕장 -> 해운대블루라인파크 미포정거장 -> 부산엑스더스카이 -> 클럽디오아시스,4,2815,767,0,9,0.0
383,부산 해운대구,해운대해수욕장 -> 해운대블루라인파크 미포정거장 -> 부산엑스더스카이 -> 해리단길,4,4516,1113,0,7,0.0
384,부산 해운대구,해운대해수욕장 -> 해운대블루라인파크 미포정거장 -> 부산엑스더스카이 -> 해운대수목원,4,16193,3006,0,13,0.0
385,부산 해운대구,해운대해수욕장 -> 해운대블루라인파크 미포정거장 -> 부산엑스더스카이 -> 해운대달맞이길,4,3888,816,0,6,0.0
386,부산 해운대구,해운대해수욕장 -> 해운대블루라인파크 미포정거장 -> 부산엑스더스카이 -> 해운대 영화의거리,4,5554,1234,0,9,0.0
387,부산 해운대구,해운대해수욕장 -> 해운대블루라인파크 미포정거장 -> 부산엑스더스카이 -> 해파랑길 2코스,4,7232,1336,0,7,0.0
388,부산 해운대구,해운대해수욕장 -> 해운대블루라인파크 미포정거장 -> 부산엑스더스카이 -> 해운대블루라인파크 스카이캡슐,4,4803,959,0,8,0.0
389,서울 중구,덕수궁 -> 남산골한옥마을 -> 남산케이블카,3,6161,1653,0,12,0.0
390,서울 중구,덕수궁 -> 남산골한옥마을 -> 숭례문,3,7142,1749,0,9,0.0
391,서울 중구,덕수궁 -> 남산골한옥마을 -> 명동거리,3,5614,1425,0,9,0.0
392,서울 중구,덕수궁 -> 남산골한옥마을 -> 덕수궁돌담길,3,7090,1796,0,11,0.0
393,서울 중구,덕수궁 -> 남산골한옥마을 -> 신당동떡볶이타운,3,6743,1529,0,12,0.0
394,서울 중구,덕수궁 -> 남산골한옥마을 -> 정동전망대,3,7100,1798,0,11,0.0
395,서울 중구,덕수궁 -> 남산골한옥마을 -> 남대문갈치조림골목,3,6428,1614,0,11,0.0
396,서울 중구,덕수궁 -> 남산골한옥마을 -> 남산둘레길,3,7571,1795,0,14,0.0
397,서울 중구,덕수궁 -> 남산골한옥마을 -> 청계천한빛광장,3,6897,1744,0,10,0.0
398,서울 중구,덕수궁 -> 남산골한옥마을 -> 백범광장,3,7263,1748,0,14,0.0
399,서울 중구,덕수궁 -> 남산골한옥마을 -> 덕수궁 대한문,3,7014,1781,0,11,0.0
400,서울 중구,덕수궁 -> 남산골한옥마을 -> 서울한양도성 남산구간 3코스,3,6934,1470,0,11,0.0
401,서울 중구,덕수궁 -> 남산골한옥마을 -> 남산팔각정,3,6934,1471,0,11,0.0
402,서울 중구,덕수궁 -> 남산골한옥마을 -> 남대문칼국수골목,3,6326,1565,0,10,0.0
403,서울 중구,덕수궁 -> 남산골한옥마을 -> 덕수궁 석조전대한제국역사관,3,7432,1894,0,11,0.0
404,서울 중구,덕수궁 -> 남산골한옥마을 -> 서울한양도성 흥인지문구간,3,6169,1484,0,11,0.0
405,서울 중구,덕수궁 -> 남산골한옥마을 -> 장충동족발거리,3,6508,1497,0,9,0.0
406,서울 중구,덕수궁 -> 남산골한옥마을 -> 광희문,3,5942,1378,0,9,0.0
407,서울 중구,덕수궁 -> 남산골한옥마을 -> 을지로노가리골목,3,6360,1723,0,13,0.0
408,서울 중구,덕수궁 -> 남산골한옥마을 -> 몽골타운,3,5842,1432,0,12,0.0
409,서울 중구,덕수궁 -> 남산골한옥마을 -> 세실마루,3,7875,2006,0,12,0.0
410,서울 중구,덕수궁 -> 남산골한옥마을 -> 환구단 황궁우,3,6256,1589,0,9,0.0
411,서울 중구,덕수궁 -> 남산골한옥마을 -> 덕수궁 중명전,3,7464,1902,0,12,0.0
412,서울 중구,덕수궁 -> 남산케이블카 -> 남산골한옥마을,3,7553,1920,0,11,0.0
413,서울 중구,덕수궁 -> 남산케이블카 -> 숭례문,3,6127,1656,0,6,0.0
414,서울 중구,덕수궁 -> 남산케이블카 -> 명동거리,3,6417,1758,0,8,0.0
415,서울 중구,덕수궁 -> 남산케이블카 -> 덕수궁돌담길,3,7018,1843,0,6,0.0
416,서울 중구,덕수궁 -> 남산케이블카 -> 신당동떡볶이타운,3,9304,2176,0,12,0.0
417,서울 중구,덕수궁 -> 남산케이블카 -> 정동전망대,3,7028,1845,0,6,0.0
418,서울 중구,덕수궁 -> 남산케이블카 -> 남대문갈치조림골목,3,5400,1498,0,8,0.0
419,서울 중구,덕수궁 -> 남산케이블카 -> 남산둘레길,3,5666,1476,0,7,0.0
420,서울 중구,덕수궁 -> 남산케이블카 -> 청계천한빛광장,3,6792,1841,0,7,0.0
421,서울 중구,덕수궁 -> 남산케이블카 -> 백범광장,3,5358,1429,0,7,0.0
422,서울 중구,덕수궁 -> 남산케이블카 -> 덕수궁 대한문,3,6942,1829,0,6,0.0
423,서울 중구,덕수궁 -> 남산케이블카 -> 서울한양도성 남산구간 3코스,3,9212,1882,0,7,0.0
424,서울 중구,덕수궁 -> 남산케이블카 -> 남산팔각정,3,9212,1882,0,7,0.0
425,서울 중구,덕수궁 -> 남산케이블카 -> 남대문칼국수골목,3,5322,1490,0,7,0.0
426,서울 중구,덕수궁 -> 남산케이블카 -> 덕수궁 석조전대한제국역사관,3,7360,1941,0,6,0.0
427,서울 중구,덕수궁 -> 남산케이블카 -> 서울한양도성 흥인지문구간,3,8730,2131,0,11,0.0
428,서울 중구,덕수궁 -> 남산케이블카 -> 장충동족발거리,3,9586,2028,0,9,0.0
429,서울 중구,덕수궁 -> 남산케이블카 -> 광희문,3,8503,2022,0,9,0.0
430,서울 중구,덕수궁 -> 남산케이블카 -> 을지로노가리골목,3,7499,1995,0,10,0.0
431,서울 중구,덕수궁 -> 남산케이블카 -> 몽골타운,3,8403,2072,0,12,0.0
432,서울 중구,덕수궁 -> 남산케이블카 -> 세실마루,3,6772,1795,0,6,0.0
433,서울 중구,덕수궁 -> 남산케이블카 -> 환구단 황궁우,3,5999,1657,0,6,0.0
434,서울 중구,덕수궁 -> 남산케이블카 -> 덕수궁 중명전,3,7392,1950,0,7,0.0
435,서울 중구,덕수궁 -> 숭례문 -> 남산골한옥마을,3,4186,1043,0,6,0.0
436,서울 중구,덕수궁 -> 숭례문 -> 남산케이블카,3,3887,1049,0,4,0.0
437,서울 중구,덕수궁 -> 숭례문 -> 명동거리,3,3050,880,0,3,0.0
438,서울 중구,덕수궁 -> 숭례문 -> 덕수궁돌담길,3,3627,970,0,2,0.0
439,서울 중구,덕수궁 -> 숭례문 -> 신당동떡볶이타운,3,5937,1295,0,7,0.0
440,서울 중구,덕수궁 -> 숭례문 -> 정동전망대,3,3637,972,0,2,0.0
441,서울 중구,덕수궁 -> 숭례문 -> 남대문갈치조림골목,3,2410,772,0,5,0.0
442,서울 중구,덕수궁 -> 숭례문 -> 남산둘레길,3,3296,848,0,4,0.0
443,서울 중구,덕수궁 -> 숭례문 -> 청계천한빛광장,3,3425,960,0,2,0.0
444,서울 중구,덕수궁 -> 숭례문 -> 백범광장,3,2988,800,0,4,0.0
445,서울 중구,덕수궁 -> 숭례문 -> 덕수궁 대한문,3,3551,955,0,2,0.0
446,서울 중구,덕수궁 -> 숭례문 -> 서울한양도성 남산구간 3코스,3,6128,1237,0,6,0.0
447,서울 중구,덕수궁 -> 숭례문 -> 남산팔각정,3,6128,1237,0,6,0.0
448,서울 중구,덕수궁 -> 숭례문 -> 남대문칼국수골목,3,2332,763,0,4,0.0
449,서울 중구,덕수궁 -> 숭례문 -> 덕수궁 석조전대한제국역사관,3,3969,1067,0,2,0.0
450,서울 중구,덕수궁 -> 숭례문 -> 서울한양도성 흥인지문구간,3,5363,1250,0,6,0.0
451,서울 중구,덕수궁 -> 숭례문 -> 장충동족발거리,3,5702,1261,0,4,0.0
452,서울 중구,덕수궁 -> 숭례문 -> 광희문,3,5136,1142,0,4,0.0
453,서울 중구,덕수궁 -> 숭례문 -> 을지로노가리골목,3,4132,1113,0,5,0.0
454,서울 중구,덕수궁 -> 숭례문 -> 몽골타운,3,5036,1193,0,7,0.0
455,서울 중구,덕수궁 -> 숭례문 -> 세실마루,3,3381,923,0,2,0.0
456,서울 중구,덕수궁 -> 숭례문 -> 환구단 황궁우,3,2608,790,0,2,0.0
457,서울 중구,덕수궁 -> 숭례문 -> 덕수궁 중명전,3,4001,1076,0,3,0.0
458,서울 중구,덕수궁 -> 명동거리 -> 남산골한옥마을,3,5817,1577,0,6,0.0
459,서울 중구,덕수궁 -> 명동거리 -> 남산케이블카,3,5277,1511,0,7,0.0
460,서울 중구,덕수궁 -> 명동거리 -> 숭례문,3,5179,1451,0,4,0.0
461,서울 중구,덕수궁 -> 명동거리 -> 덕수궁돌담길,3,5127,1480,0,6,0.0
462,서울 중구,덕수궁 -> 명동거리 -> 신당동떡볶이타운,3,6922,1665,0,9,0.0
463,서울 중구,덕수궁 -> 명동거리 -> 정동전망대,3,5137,1482,0,6,0.0
464,서울 중구,덕수궁 -> 명동거리 -> 남대문갈치조림골목,3,4465,1318,0,6,0.0
465,서울 중구,덕수궁 -> 명동거리 -> 남산둘레길,3,6621,1708,0,7,0.0
466,서울 중구,덕수궁 -> 명동거리 -> 청계천한빛광장,3,4934,1435,0,5,0.0
467,서울 중구,덕수궁 -> 명동거리 -> 백범광장,3,6313,1661,0,7,0.0
468,서울 중구,덕수궁 -> 명동거리 -> 덕수궁 대한문,3,5051,1465,0,6,0.0
469,서울 중구,덕수궁 -> 명동거리 -> 서울한양도성 남산구간 3코스,3,7759,1775,0,6,0.0
470,서울 중구,덕수궁 -> 명동거리 -> 남산팔각정,3,7759,1775,0,6,0.0
471,서울 중구,덕수궁 -> 명동거리 -> 남대문칼국수골목,3,4363,1268,0,5,0.0
472,서울 중구,덕수궁 -> 명동거리 -> 덕수궁 석조전대한제국역사관,3,5469,1578,0,6,0.0
473,서울 중구,덕수궁 -> 명동거리 -> 서울한양도성 흥인지문구간,3,6209,1537,0,6,0.0
474,서울 중구,덕수궁 -> 명동거리 -> 장충동족발거리,3,7333,1799,0,4,0.0
475,서울 중구,덕수궁 -> 명동거리 -> 광희문,3,6767,1680,0,4,0.0
476,서울 중구,덕수궁 -> 명동거리 -> 을지로노가리골목,3,4719,1435,0,8,0.0
477,서울 중구,덕수궁 -> 명동거리 -> 몽골타운,3,6208,1509,0,8,0.0
478,서울 중구,덕수궁 -> 명동거리 -> 세실마루,3,5912,1691,0,7,0.0
479,서울 중구,덕수궁 -> 명동거리 -> 환구단 황궁우,3,4293,1283,0,4,0.0
480,서울 중구,덕수궁 -> 명동거리 -> 덕수궁 중명전,3,5501,1588,0,7,0.0
481,서울 중구,덕수궁 -> 덕수궁돌담길 -> 남산골한옥마을,3,5870,1533,0,7,0.0
482,서울 중구,덕수궁 -> 덕수궁돌담길 -> 남산케이블카,3,5615,1657,0,5,0.0
483,서울 중구,덕수궁 -> 덕수궁돌담길 -> 숭례문,3,3545,1062,0,3,0.0
484,서울 중구,덕수궁 -> 덕수궁돌담길 -> 명동거리,3,5064,1499,0,4,0.0
485,서울 중구,덕수궁 -> 덕수궁돌담길 -> 신당동떡볶이타운,3,7129,1742,0,7,0.0
486,서울 중구,덕수궁 -> 덕수궁돌담길 -> 정동전망대,3,1640,466,0,1,0.0
487,서울 중구,덕수궁 -> 덕수궁돌담길 -> 남대문갈치조림골목,3,4101,1253,0,7,0.0
488,서울 중구,덕수궁 -> 덕수궁돌담길 -> 남산둘레길,3,4747,1256,0,5,0.0
489,서울 중구,덕수궁 -> 남산골한옥마을 -> 남산케이블카 -> 숭례문,4,8362,2134,0,14,0.0
490,서울 중구,덕수궁 -> 남산골한옥마을 -> 남산케이블카 -> 명동거리,4,8652,2237,0,16,0.0
491,서울 중구,덕수궁 -> 남산골한옥마을 -> 남산케이블카 -> 덕수궁돌담길,4,9253,2324,0,14,0.0
492,서울 중구,덕수궁 -> 남산골한옥마을 -> 남산케이블카 -> 신당동떡볶이타운,4,11539,2657,0,20,0.0
493,서울 중구,덕수궁 -> 남산골한옥마을 -> 남산케이블카 -> 정동전망대,4,9263,2327,0,14,0.0
494,서울 중구,덕수궁 -> 남산골한옥마을 -> 남산케이블카 -> 남대문갈치조림골목,4,7635,1978,0,16,0.0
495,서울 중구,덕수궁 -> 남산골한옥마을 -> 남산케이블카 -> 남산둘레길,4,7901,1956,0,15,0.0
496,서울 중구,덕수궁 -> 남산골한옥마을 -> 남산케이블카 -> 청계천한빛광장,4,9027,2322,0,15,0.0
497,서울 중구,덕수궁 -> 남산골한옥마을 -> 남산케이블카 -> 백범광장,4,7593,1909,0,15,0.0
498,서울 중구,덕수궁 -> 남산골한옥마을 -> 남산케이블카 -> 덕수궁 대한문,4,9177,2311,0,14,0.0
499,서울 중구,덕수궁 -> 남산골한옥마을 -> 남산케이블카 -> 서울한양도성 남산구간 3코스,4,11447,2360,0,15,0.0
500,서울 중구,덕수궁 -> 남산골한옥마을 -> 남산케이블카 -> 남산팔각정,4,11447,2360,0,15,0.0
501,서울 중구,덕수궁 -> 남산골한옥마을 -> 남산케이블카 -> 남대문칼국수골목,4,7557,1970,0,15,0.0
502,서울 중구,덕수궁 -> 남산골한옥마을 -> 남산케이블카 -> 덕수궁 석조전대한제국역사관,4,9595,2423,0,14,0.0
503,서울 중구,덕수궁 -> 남산골한옥마을 -> 남산케이블카 -> 서울한양도성 흥인지문구간,4,10965,2614,0,19,0.0
504,서울 중구,덕수궁 -> 남산골한옥마을 -> 남산케이블카 -> 장충동족발거리,4,11821,2509,0,17,0.0
505,서울 중구,덕수궁 -> 남산골한옥마을 -> 남산케이블카 -> 광희문,4,10738,2504,0,17,0.0
506,서울 중구,덕수궁 -> 남산골한옥마을 -> 남산케이블카 -> 을지로노가리골목,4,9734,2475,0,18,0.0
507,서울 중구,덕수궁 -> 남산골한옥마을 -> 남산케이블카 -> 몽골타운,4,10638,2554,0,20,0.0
508,서울 중구,덕수궁 -> 남산골한옥마을 -> 남산케이블카 -> 세실마루,4,9007,2277,0,14,0.0
509,서울 중구,덕수궁 -> 남산골한옥마을 -> 남산케이블카 -> 환구단 황궁우,4,8234,2137,0,14,0.0
510,서울 중구,덕수궁 -> 남산골한옥마을 -> 남산케이블카 -> 덕수궁 중명전,4,9627,2432,0,15,0.0
511,서울 중구,덕수궁 -> 남산골한옥마을 -> 숭례문 -> 남산케이블카,4,9173,2217,0,11,0.0
512,서울 중구,덕수궁 -> 남산골한옥마을 -> 숭례문 -> 명동거리,4,8336,2047,0,10,0.0
513,서울 중구,덕수궁 -> 남산골한옥마을 -> 숭례문 -> 덕수궁돌담길,4,8913,2135,0,9,0.0
514,서울 중구,덕수궁 -> 남산골한옥마을 -> 숭례문 -> 신당동떡볶이타운,4,11223,2460,0,14,0.0
515,서울 중구,덕수궁 -> 남산골한옥마을 -> 숭례문 -> 정동전망대,4,8923,2137,0,9,0.0
516,서울 중구,덕수궁 -> 남산골한옥마을 -> 숭례문 -> 남대문갈치조림골목,4,7696,1937,0,12,0.0
517,서울 중구,덕수궁 -> 남산골한옥마을 -> 숭례문 -> 남산둘레길,4,8582,2013,0,11,0.0
518,서울 중구,덕수궁 -> 남산골한옥마을 -> 숭례문 -> 청계천한빛광장,4,8711,2125,0,9,0.0
519,서울 중구,덕수궁 -> 남산골한옥마을 -> 숭례문 -> 백범광장,4,8274,1965,0,11,0.0
520,서울 중구,덕수궁 -> 남산골한옥마을 -> 숭례문 -> 덕수궁 대한문,4,8837,2120,0,9,0.0
521,서울 중구,덕수궁 -> 남산골한옥마을 -> 숭례문 -> 서울한양도성 남산구간 3코스,4,11414,2402,0,13,0.0
522,서울 중구,덕수궁 -> 남산골한옥마을 -> 숭례문 -> 남산팔각정,4,11414,2402,0,13,0.0
523,서울 중구,덕수궁 -> 남산골한옥마을 -> 숭례문 -> 남대문칼국수골목,4,7618,1928,0,11,0.0
524,서울 중구,덕수궁 -> 남산골한옥마을 -> 숭례문 -> 덕수궁 석조전대한제국역사관,4,9255,2232,0,9,0.0
525,서울 중구,덕수궁 -> 남산골한옥마을 -> 숭례문 -> 서울한양도성 흥인지문구간,4,10649,2415,0,13,0.0
526,서울 중구,덕수궁 -> 남산골한옥마을 -> 숭례문 -> 장충동족발거리,4,10988,2426,0,11,0.0
527,서울 중구,덕수궁 -> 남산골한옥마을 -> 숭례문 -> 광희문,4,10422,2307,0,11,0.0
528,서울 중구,덕수궁 -> 남산골한옥마을 -> 숭례문 -> 을지로노가리골목,4,9418,2278,0,12,0.0
529,서울 중구,덕수궁 -> 남산골한옥마을 -> 숭례문 -> 몽골타운,4,10322,2358,0,14,0.0
530,서울 중구,덕수궁 -> 남산골한옥마을 -> 숭례문 -> 세실마루,4,8667,2088,0,9,0.0
531,서울 중구,덕수궁 -> 남산골한옥마을 -> 숭례문 -> 환구단 황궁우,4,7894,1955,0,9,0.0
532,서울 중구,덕수궁 -> 남산골한옥마을 -> 숭례문 -> 덕수궁 중명전,4,9287,2243,0,10,0.0
533,서울 중구,덕수궁 -> 남산골한옥마을 -> 명동거리 -> 남산케이블카,4,7516,1917,0,13,0.0
534,서울 중구,덕수궁 -> 남산골한옥마을 -> 명동거리 -> 숭례문,4,7418,1856,0,10,0.0
535,서울 중구,덕수궁 -> 남산골한옥마을 -> 명동거리 -> 덕수궁돌담길,4,7366,1885,0,12,0.0
536,서울 중구,덕수궁 -> 남산골한옥마을 -> 명동거리 -> 신당동떡볶이타운,4,9161,2071,0,15,0.0
537,서울 중구,덕수궁 -> 남산골한옥마을 -> 명동거리 -> 정동전망대,4,7376,1888,0,12,0.0
538,서울 중구,덕수궁 -> 남산골한옥마을 -> 명동거리 -> 남대문갈치조림골목,4,6704,1724,0,12,0.0
539,서울 중구,덕수궁 -> 남산골한옥마을 -> 명동거리 -> 남산둘레길,4,8860,2114,0,13,0.0
540,서울 중구,덕수궁 -> 남산골한옥마을 -> 명동거리 -> 청계천한빛광장,4,7173,1841,0,11,0.0
541,서울 중구,덕수궁 -> 남산골한옥마을 -> 명동거리 -> 백범광장,4,8552,2067,0,13,0.0
542,서울 중구,덕수궁 -> 남산골한옥마을 -> 명동거리 -> 덕수궁 대한문,4,7290,1871,0,12,0.0
543,서울 중구,덕수궁 -> 남산골한옥마을 -> 명동거리 -> 서울한양도성 남산구간 3코스,4,9998,2181,0,12,0.0
544,서울 중구,덕수궁 -> 남산골한옥마을 -> 명동거리 -> 남산팔각정,4,9998,2181,0,12,0.0
545,서울 중구,덕수궁 -> 남산골한옥마을 -> 명동거리 -> 남대문칼국수골목,4,6602,1673,0,11,0.0
546,서울 중구,덕수궁 -> 남산골한옥마을 -> 명동거리 -> 덕수궁 석조전대한제국역사관,4,7708,1983,0,12,0.0
547,서울 중구,덕수궁 -> 남산골한옥마을 -> 명동거리 -> 서울한양도성 흥인지문구간,4,8448,1941,0,12,0.0
548,서울 중구,덕수궁 -> 남산골한옥마을 -> 명동거리 -> 장충동족발거리,4,9572,2203,0,10,0.0
549,서울 중구,덕수궁 -> 남산골한옥마을 -> 명동거리 -> 광희문,4,9006,2084,0,10,0.0
550,서울 중구,덕수궁 -> 남산골한옥마을 -> 명동거리 -> 을지로노가리골목,4,6958,1840,0,14,0.0
551,서울 중구,덕수궁 -> 남산골한옥마을 -> 명동거리 -> 몽골타운,4,8447,1914,0,14,0.0
552,서울 중구,덕수궁 -> 남산골한옥마을 -> 명동거리 -> 세실마루,4,8151,2096,0,13,0.0
553,서울 중구,덕수궁 -> 남산골한옥마을 -> 명동거리 -> 환구단 황궁우,4,6532,1688,0,10,0.0
554,서울 중구,덕수궁 -> 남산골한옥마을 -> 명동거리 -> 덕수궁 중명전,4,7740,1993,0,13,0.0
555,서울 중구,덕수궁 -> 남산골한옥마을 -> 덕수궁돌담길 -> 남산케이블카,4,10912,3035,0,14,0.0
556,서울 중구,덕수궁 -> 남산골한옥마을 -> 덕수궁돌담길 -> 숭례문,4,8842,2439,0,12,0.0
557,서울 중구,덕수궁 -> 남산골한옥마을 -> 덕수궁돌담길 -> 명동거리,4,10361,2877,0,13,0.0
558,서울 중구,덕수궁 -> 남산골한옥마을 -> 덕수궁돌담길 -> 신당동떡볶이타운,4,12426,3122,0,16,0.0
559,서울 중구,덕수궁 -> 남산골한옥마을 -> 덕수궁돌담길 -> 정동전망대,4,6937,1843,0,10,0.0
560,서울 중구,덕수궁 -> 남산골한옥마을 -> 덕수궁돌담길 -> 남대문갈치조림골목,4,9398,2631,0,16,0.0
561,서울 중구,덕수궁 -> 남산골한옥마을 -> 덕수궁돌담길 -> 남산둘레길,4,10044,2633,0,14,0.0
562,서울 중구,덕수궁 -> 남산골한옥마을 -> 덕수궁돌담길 -> 청계천한빛광장,4,9407,2555,0,12,0.0
563,서울 중구,덕수궁 -> 남산골한옥마을 -> 덕수궁돌담길 -> 백범광장,4,9736,2586,0,14,0.0
564,서울 중구,덕수궁 -> 남산골한옥마을 -> 덕수궁돌담길 -> 덕수궁 대한문,4,8541,2301,0,11,0.0
565,서울 중구,덕수궁 -> 남산골한옥마을 -> 덕수궁돌담길 -> 서울한양도성 남산구간 3코스,4,12740,3166,0,13,0.0
566,서울 중구,덕수궁 -> 남산골한옥마을 -> 덕수궁돌담길 -> 남산팔각정,4,12740,3166,0,13,0.0
567,서울 중구,덕수궁 -> 남산골한옥마을 -> 덕수궁돌담길 -> 남대문칼국수골목,4,10112,2730,0,15,0.0
568,서울 중구,덕수궁 -> 남산골한옥마을 -> 덕수궁돌담길 -> 덕수궁 석조전대한제국역사관,4,7269,1938,0,10,0.0
569,서울 중구,덕수궁 -> 남산골한옥마을 -> 덕수궁돌담길 -> 서울한양도성 흥인지문구간,4,11713,2990,0,13,0.0
570,서울 중구,덕수궁 -> 남산골한옥마을 -> 덕수궁돌담길 -> 장충동족발거리,4,12321,3083,0,11,0.0
571,서울 중구,덕수궁 -> 남산골한옥마을 -> 덕수궁돌담길 -> 광희문,4,11704,3067,0,13,0.0
572,서울 중구,덕수궁 -> 남산골한옥마을 -> 덕수궁돌담길 -> 을지로노가리골목,4,10114,2710,0,15,0.0
573,서울 중구,덕수궁 -> 남산골한옥마을 -> 덕수궁돌담길 -> 몽골타운,4,11740,2949,0,13,0.0
574,서울 중구,덕수궁 -> 남산골한옥마을 -> 덕수궁돌담길 -> 세실마루,4,8371,2269,0,11,0.0
575,서울 중구,덕수궁 -> 남산골한옥마을 -> 덕수궁돌담길 -> 환구단 황궁우,4,9472,2541,0,13,0.0
576,서울 중구,덕수궁 -> 남산골한옥마을 -> 덕수궁돌담길 -> 덕수궁 중명전,4,7301,1947,0,10,0.0
577,서울 중구,덕수궁 -> 남산골한옥마을 -> 신당동떡볶이타운 -> 남산케이블카,4,10626,2624,0,21,0.0
578,서울 중구,덕수궁 -> 남산골한옥마을 -> 신당동떡볶이타운 -> 숭례문,4,11607,2720,0,18,0.0
579,서울 중구,덕수궁 -> 남산골한옥마을 -> 신당동떡볶이타운 -> 명동거리,4,10079,2393,0,18,0.0
580,서울 중구,덕수궁 -> 남산골한옥마을 -> 신당동떡볶이타운 -> 덕수궁돌담길,4,10829,2428,0,18,0.0
581,서울 중구,덕수궁 -> 남산골한옥마을 -> 신당동떡볶이타운 -> 정동전망대,4,10839,2430,0,18,0.0
582,서울 중구,덕수궁 -> 남산골한옥마을 -> 신당동떡볶이타운 -> 남대문갈치조림골목,4,10893,2587,0,20,0.0
583,서울 중구,덕수궁 -> 남산골한옥마을 -> 신당동떡볶이타운 -> 남산둘레길,4,12316,2543,0,15,0.0
584,서울 중구,덕수궁 -> 남산골한옥마을 -> 신당동떡볶이타운 -> 청계천한빛광장,4,10596,2362,0,19,0.0
585,서울 중구,덕수궁 -> 남산골한옥마을 -> 신당동떡볶이타운 -> 백범광장,4,12590,2568,0,14,0.0
586,서울 중구,덕수궁 -> 남산골한옥마을 -> 신당동떡볶이타운 -> 덕수궁 대한문,4,10753,2412,0,18,0.0
587,서울 중구,덕수궁 -> 남산골한옥마을 -> 신당동떡볶이타운 -> 서울한양도성 남산구간 3코스,4,9579,2146,0,17,0.0
588,서울 중구,덕수궁 -> 남산골한옥마을 -> 신당동떡볶이타운 -> 남산팔각정,4,9579,2146,0,17,0.0
